Ticker,Name,Sector,Asset Class,Market Value,Weight (%),Notional Value,Shares,Price,Location,Exchange,Currency,FX Rate,Market Currency,Accrual Date
"MSFT","MICROSOFT CORP","Information Technology","Equity","31,980,450,840.88","7.17","31,980,450,840.88","76,530,226.00","417.88","United States","NASDAQ","USD","1.00","USD","-"
"AAPL","APPLE INC","Information Technology","Equity","25,238,971,870.84","5.66","25,238,971,870.84","149,502,262.00","168.82","United States","NASDAQ","USD","1.00","USD","-"
"NVDA","NVIDIA CORP","Information Technology","Equity","21,854,020,673.70","4.90","21,854,020,673.70","25,439,754.00","859.05","United States","NASDAQ","USD","1.00","USD","-"
"AMZN","AMAZON COM INC","Consumer Discretionary","Equity","16,946,578,980.00","3.80","16,946,578,980.00","94,147,661.00","180.00","United States","NASDAQ","USD","1.00","USD","-"
"META","META PLATFORMS INC CLASS A","Communication","Equity","11,577,330,710.24","2.60","11,577,330,710.24","22,659,772.00","510.92","United States","NASDAQ","USD","1.00","USD","-"
"GOOGL","ALPHABET INC CLASS A","Communication","Equity","9,136,479,164.12","2.05","9,136,479,164.12","60,695,404.00","150.53","United States","NASDAQ","USD","1.00","USD","-"
"BRKB","BERKSHIRE HATHAWAY INC CLASS B","Financials","Equity","7,782,867,543.36","1.75","7,782,867,543.36","18,739,448.00","415.32","United States","New York Stock Exchange Inc.","USD","1.00","USD","-"
"GOOG","ALPHABET INC CLASS C","Communication","Equity","7,720,942,016.20","1.73","7,720,942,016.20","50,815,730.00","151.94","United States","NASDAQ","USD","1.00","USD","-"
"LLY","ELI LILLY","Health Care","Equity","6,308,421,538.80","1.41","6,308,421,538.80","8,213,235.00","768.08","United States","New York Stock Exchange Inc.","USD","1.00","USD","-"
"AVGO","BROADCOM INC","Information Technology","Equity","5,971,397,475.00","1.34","5,971,397,475.00","4,532,370.00","1,317.50","United States","NASDAQ","USD","1.00","USD","-"
"JPM","JPMORGAN CHASE & CO","Financials","Equity","5,825,708,051.80","1.31","5,825,708,051.80","29,776,172.00","195.65","United States","New York Stock Exchange Inc.","USD","1.00","USD","-"
"XOM","EXXON MOBIL CORP","Energy","Equity","4,896,509,450.16","1.10","4,896,509,450.16","40,899,678.00","119.72","United States","New York Stock Exchange Inc.","USD","1.00","USD","-"
"TSLA","TESLA INC","Consumer Discretionary","Equity","4,883,055,560.53","1.10","4,883,055,560.53","28,537,523.00","171.11","United States","NASDAQ","USD","1.00","USD","-"
"V","VISA INC CLASS A","Financials","Equity","4,463,455,890.00","1.00","4,463,455,890.00","16,289,985.00","274.00","United States","New York Stock Exchange Inc.","USD","1.00","USD","-"
"UNH","UNITEDHEALTH GROUP INC","Health Care","Equity","4,338,204,892.80","0.97","4,338,204,892.80","9,526,560.00","455.38","United States","New York Stock Exchange Inc.","USD","1.00","USD","-"
"MA","MASTERCARD INC CLASS A","Financials","Equity","3,991,813,263.06","0.90","3,991,813,263.06","8,497,378.00","469.77","United States","New York Stock Exchange Inc.","USD","1.00","USD","-"
"JNJ","JOHNSON & JOHNSON","Health Care","Equity","3,781,077,527.50","0.85","3,781,077,527.50","24,793,951.00","152.50","United States","New York Stock Exchange Inc.","USD","1.00","USD","-"
"PG","PROCTER & GAMBLE","Consumer Staples","Equity","3,767,372,099.70","0.84","3,767,372,099.70","24,235,266.00","155.45","United States","New York Stock Exchange Inc.","USD","1.00","USD","-"
"HD","HOME DEPOT INC","Consumer Discretionary","Equity","3,666,410,643.44","0.82","3,666,410,643.44","10,250,533.00","357.68","United States","New York Stock Exchange Inc.","USD","1.00","USD","-"
"MRK","MERCK & CO INC","Health Care","Equity","3,331,880,936.02","0.75","3,331,880,936.02","26,099,647.00","127.66","United States","New York Stock Exchange Inc.","USD","1.00","USD","-"
"COST","COSTCO WHOLESALE CORP","Consumer Staples","Equity","3,221,393,234.40","0.72","3,221,393,234.40","4,570,130.00","704.88","United States","NASDAQ","USD","1.00","USD","-"
"ABBV","ABBVIE INC","Health Care","Equity","3,053,141,787.30","0.68","3,053,141,787.30","18,184,287.00","167.90","United States","New York Stock Exchange Inc.","USD","1.00","USD","-"
"CRM","SALESFORCE INC","Information Technology","Equity","2,932,534,914.54","0.66","2,932,534,914.54","9,969,861.00","294.14","United States","New York Stock Exchange Inc.","USD","1.00","USD","-"
"CVX","CHEVRON CORP","Energy","Equity","2,870,623,847.71","0.64","2,870,623,847.71","17,864,359.00","160.69","United States","New York Stock Exchange Inc.","USD","1.00","USD","-"
"AMD","ADVANCED MICRO DEVICES INC","Information Technology","Equity","2,759,741,367.53","0.62","2,759,741,367.53","16,641,991.00","165.83","United States","NASDAQ","USD","1.00","USD","-"
"NFLX","NETFLIX INC","Communication","Equity","2,750,878,098.68","0.62","2,750,878,098.68","4,457,462.00","617.14","United States","NASDAQ","USD","1.00","USD","-"
"WMT","WALMART INC","Consumer Staples","Equity","2,623,282,172.00","0.59","2,623,282,172.00","44,088,776.00","59.50","United States","New York Stock Exchange Inc.","USD","1.00","USD","-"
"BAC","BANK OF AMERICA CORP","Financials","Equity","2,618,081,636.04","0.59","2,618,081,636.04","70,912,287.00","36.92","United States","New York Stock Exchange Inc.","USD","1.00","USD","-"
"PEP","PEPSICO INC","Consumer Staples","Equity","2,401,553,354.85","0.54","2,401,553,354.85","14,155,929.00","169.65","United States","NASDAQ","USD","1.00","USD","-"
"KO","COCA-COLA","Consumer Staples","Equity","2,376,521,150.60","0.53","2,376,521,150.60","40,076,242.00","59.30","United States","New York Stock Exchange Inc.","USD","1.00","USD","-"
"LIN","LINDE PLC","Materials","Equity","2,283,723,339.90","0.51","2,283,723,339.90","4,994,365.00","457.26","United States","NASDAQ","USD","1.00","USD","-"
"TMO","THERMO FISHER SCIENTIFIC INC","Health Care","Equity","2,270,718,529.38","0.51","2,270,718,529.38","3,979,458.00","570.61","United States","New York Stock Exchange Inc.","USD","1.00","USD","-"
"ADBE","ADOBE INC","Information Technology","Equity","2,267,675,819.37","0.51","2,267,675,819.37","4,655,367.00","487.11","United States","NASDAQ","USD","1.00","USD","-"
"DIS","WALT DISNEY","Communication","Equity","2,212,131,489.66","0.50","2,212,131,489.66","18,892,574.00","117.09","United States","New York Stock Exchange Inc.","USD","1.00","USD","-"
"ACN","ACCENTURE PLC CLASS A","Information Technology","Equity","2,134,053,977.51","0.48","2,134,053,977.51","6,457,633.00","330.47","United States","New York Stock Exchange Inc.","USD","1.00","USD","-"
"WFC","WELLS FARGO","Financials","Equity","2,100,932,960.88","0.47","2,100,932,960.88","37,066,566.00","56.68","United States","New York Stock Exchange Inc.","USD","1.00","USD","-"
"ORCL","ORACLE CORP","Information Technology","Equity","2,039,364,227.56","0.46","2,039,364,227.56","16,421,324.00","124.19","United States","New York Stock Exchange Inc.","USD","1.00","USD","-"
"MCD","MCDONALDS CORP","Consumer Discretionary","Equity","2,017,797,014.88","0.45","2,017,797,014.88","7,470,832.00","270.09","United States","New York Stock Exchange Inc.","USD","1.00","USD","-"
"CSCO","CISCO SYSTEMS INC","Information Technology","Equity","2,013,505,541.31","0.45","2,013,505,541.31","41,852,121.00","48.11","United States","NASDAQ","USD","1.00","USD","-"
"ABT","ABBOTT LABORATORIES","Health Care","Equity","1,968,871,624.72","0.44","1,968,871,624.72","17,880,952.00","110.11","United States","New York Stock Exchange Inc.","USD","1.00","USD","-"
"QCOM","QUALCOMM INC","Information Technology","Equity","1,951,247,583.04","0.44","1,951,247,583.04","11,494,154.00","169.76","United States","NASDAQ","USD","1.00","USD","-"
"CAT","CATERPILLAR INC","Industrials","Equity","1,938,931,370.49","0.43","1,938,931,370.49","5,243,331.00","369.79","United States","New York Stock Exchange Inc.","USD","1.00","USD","-"
"VZ","VERIZON COMMUNICATIONS INC","Communication","Equity","1,838,185,266.90","0.41","1,838,185,266.90","43,302,362.00","42.45","United States","New York Stock Exchange Inc.","USD","1.00","USD","-"
"INTU","INTUIT INC","Information Technology","Equity","1,791,409,935.04","0.40","1,791,409,935.04","2,883,418.00","621.28","United States","NASDAQ","USD","1.00","USD","-"
"IBM","INTERNATIONAL BUSINESS MACHINES CO","Information Technology","Equity","1,771,227,186.26","0.40","1,771,227,186.26","9,424,429.00","187.94","United States","New York Stock Exchange Inc.","USD","1.00","USD","-"
"AMAT","APPLIED MATERIAL INC","Information Technology","Equity","1,742,993,520.29","0.39","1,742,993,520.29","8,569,711.00","203.39","United States","NASDAQ","USD","1.00","USD","-"
"INTC","INTEL CORPORATION CORP","Information Technology","Equity","1,730,109,914.24","0.39","1,730,109,914.24","43,546,688.00","39.73","United States","NASDAQ","USD","1.00","USD","-"
"CMCSA","COMCAST CORP CLASS A","Communication","Equity","1,677,752,214.12","0.38","1,677,752,214.12","40,811,292.00","41.11","United States","NASDAQ","USD","1.00","USD","-"
"GE","GE AEROSPACE","Industrials","Equity","1,650,151,762.41","0.37","1,650,151,762.41","11,195,819.00","147.39","United States","New York Stock Exchange Inc.","USD","1.00","USD","-"
"DHR","DANAHER CORP","Health Care","Equity","1,638,565,287.00","0.37","1,638,565,287.00","6,773,730.00","241.90","United States","New York Stock Exchange Inc.","USD","1.00","USD","-"
"NOW","SERVICENOW INC","Information Technology","Equity","1,599,496,372.85","0.36","1,599,496,372.85","2,111,407.00","757.55","United States","New York Stock Exchange Inc.","USD","1.00","USD","-"
"COP","CONOCOPHILLIPS","Energy","Equity","1,598,627,754.75","0.36","1,598,627,754.75","12,133,797.00","131.75","United States","New York Stock Exchange Inc.","USD","1.00","USD","-"
"UBER","UBER TECHNOLOGIES INC","Industrials","Equity","1,587,932,996.16","0.36","1,587,932,996.16","21,195,048.00","74.92","United States","New York Stock Exchange Inc.","USD","1.00","USD","-"
"TXN","TEXAS INSTRUMENT INC","Information Technology","Equity","1,578,304,347.72","0.35","1,578,304,347.72","9,365,124.00","168.53","United States","NASDAQ","USD","1.00","USD","-"
"PFE","PFIZER INC","Health Care","Equity","1,549,845,220.95","0.35","1,549,845,220.95","58,155,543.00","26.65","United States","New York Stock Exchange Inc.","USD","1.00","USD","-"
"UNP","UNION PACIFIC CORP","Industrials","Equity","1,511,644,158.09","0.34","1,511,644,158.09","6,280,461.00","240.69","United States","New York Stock Exchange Inc.","USD","1.00","USD","-"
"AMGN","AMGEN INC","Health Care","Equity","1,477,183,674.61","0.33","1,477,183,674.61","5,510,029.00","268.09","United States","NASDAQ","USD","1.00","USD","-"
"PM","PHILIP MORRIS INTERNATIONAL INC","Consumer Staples","Equity","1,440,659,536.20","0.32","1,440,659,536.20","15,989,562.00","90.10","United States","New York Stock Exchange Inc.","USD","1.00","USD","-"
"SPGI","S&P GLOBAL INC","Financials","Equity","1,417,687,192.52","0.32","1,417,687,192.52","3,309,106.00","428.42","United States","New York Stock Exchange Inc.","USD","1.00","USD","-"
"MU","MICRON TECHNOLOGY INC","Information Technology","Equity","1,410,868,678.89","0.32","1,410,868,678.89","11,369,721.00","124.09","United States","NASDAQ","USD","1.00","USD","-"
"LOW","LOWES COMPANIES INC","Consumer Discretionary","Equity","1,409,790,114.39","0.32","1,409,790,114.39","5,923,239.00","238.01","United States","New York Stock Exchange Inc.","USD","1.00","USD","-"
"ISRG","INTUITIVE SURGICAL INC","Health Care","Equity","1,375,085,902.12","0.31","1,375,085,902.12","3,628,961.00","378.92","United States","NASDAQ","USD","1.00","USD","-"
"GS","GOLDMAN SACHS GROUP INC","Financials","Equity","1,364,486,906.25","0.31","1,364,486,906.25","3,358,737.00","406.25","United States","New York Stock Exchange Inc.","USD","1.00","USD","-"
"RTX","RTX CORP","Industrials","Equity","1,357,155,166.26","0.30","1,357,155,166.26","13,665,846.00","99.31","United States","New York Stock Exchange Inc.","USD","1.00","USD","-"
"NEE","NEXTERA ENERGY INC","Utilities","Equity","1,346,712,598.09","0.30","1,346,712,598.09","21,131,533.00","63.73","United States","New York Stock Exchange Inc.","USD","1.00","USD","-"
"HON","HONEYWELL INTERNATIONAL INC","Industrials","Equity","1,331,131,859.85","0.30","1,331,131,859.85","6,789,757.00","196.05","United States","NASDAQ","USD","1.00","USD","-"
"ETN","EATON PLC","Industrials","Equity","1,316,752,447.20","0.30","1,316,752,447.20","4,112,795.00","320.16","United States","New York Stock Exchange Inc.","USD","1.00","USD","-"
"T","AT&T INC","Communication","Equity","1,293,896,019.22","0.29","1,293,896,019.22","73,642,346.00","17.57","United States","New York Stock Exchange Inc.","USD","1.00","USD","-"
"AXP","AMERICAN EXPRESS","Financials","Equity","1,293,313,733.25","0.29","1,293,313,733.25","5,889,675.00","219.59","United States","New York Stock Exchange Inc.","USD","1.00","USD","-"
"LRCX","LAM RESEARCH CORP","Information Technology","Equity","1,284,976,472.70","0.29","1,284,976,472.70","1,350,290.00","951.63","United States","NASDAQ","USD","1.00","USD","-"
"BKNG","BOOKING HOLDINGS INC","Consumer Discretionary","Equity","1,266,031,699.03","0.28","1,266,031,699.03","359,471.00","3,521.93","United States","NASDAQ","USD","1.00","USD","-"
"PGR","PROGRESSIVE CORP","Financials","Equity","1,261,325,711.96","0.28","1,261,325,711.96","6,028,129.00","209.24","United States","New York Stock Exchange Inc.","USD","1.00","USD","-"
"SYK","STRYKER CORP","Health Care","Equity","1,209,781,419.44","0.27","1,209,781,419.44","3,482,588.00","347.38","United States","New York Stock Exchange Inc.","USD","1.00","USD","-"
"ELV","ELEVANCE HEALTH INC","Health Care","Equity","1,206,640,918.80","0.27","1,206,640,918.80","2,420,058.00","498.60","United States","New York Stock Exchange Inc.","USD","1.00","USD","-"
"C","CITIGROUP INC","Financials","Equity","1,193,908,482.90","0.27","1,193,908,482.90","19,601,190.00","60.91","United States","New York Stock Exchange Inc.","USD","1.00","USD","-"
"MS","MORGAN STANLEY","Financials","Equity","1,190,719,292.40","0.27","1,190,719,292.40","12,903,330.00","92.28","United States","New York Stock Exchange Inc.","USD","1.00","USD","-"
"PLD","PROLOGIS REIT INC","Real Estate","Equity","1,186,610,514.65","0.27","1,186,610,514.65","9,516,485.00","124.69","United States","New York Stock Exchange Inc.","USD","1.00","USD","-"
"MDT","MEDTRONIC PLC","Health Care","Equity","1,149,294,806.08","0.26","1,149,294,806.08","13,695,124.00","83.92","United States","New York Stock Exchange Inc.","USD","1.00","USD","-"
"BLK","BLACKROCK INC","Financials","Equity","1,140,696,729.90","0.26","1,140,696,729.90","1,440,110.00","792.09","United States","New York Stock Exchange Inc.","USD","1.00","USD","-"
"TJX","TJX INC","Consumer Discretionary","Equity","1,123,910,627.50","0.25","1,123,910,627.50","11,737,970.00","95.75","United States","New York Stock Exchange Inc.","USD","1.00","USD","-"
"UPS","UNITED PARCEL SERVICE INC CLASS B","Industrials","Equity","1,117,422,000.00","0.25","1,117,422,000.00","7,449,480.00","150.00","United States","New York Stock Exchange Inc.","USD","1.00","USD","-"
"NKE","NIKE INC CLASS B","Consumer Discretionary","Equity","1,116,680,476.77","0.25","1,116,680,476.77","12,537,111.00","89.07","United States","New York Stock Exchange Inc.","USD","1.00","USD","-"
"SCHW","CHARLES SCHWAB CORP","Financials","Equity","1,093,654,583.75","0.25","1,093,654,583.75","15,328,025.00","71.35","United States","New York Stock Exchange Inc.","USD","1.00","USD","-"
"DE","DEERE","Industrials","Equity","1,091,838,079.64","0.24","1,091,838,079.64","2,681,924.00","407.11","United States","New York Stock Exchange Inc.","USD","1.00","USD","-"
"CI","CIGNA","Health Care","Equity","1,085,647,058.30","0.24","1,085,647,058.30","3,012,590.00","360.37","United States","New York Stock Exchange Inc.","USD","1.00","USD","-"
"BA","BOEING","Industrials","Equity","1,082,671,118.75","0.24","1,082,671,118.75","5,906,875.00","183.29","United States","New York Stock Exchange Inc.","USD","1.00","USD","-"
"BMY","BRISTOL MYERS SQUIBB","Health Care","Equity","1,077,189,800.00","0.24","1,077,189,800.00","20,957,000.00","51.40","United States","New York Stock Exchange Inc.","USD","1.00","USD","-"
"VRTX","VERTEX PHARMACEUTICALS INC","Health Care","Equity","1,072,234,055.79","0.24","1,072,234,055.79","2,653,979.00","404.01","United States","NASDAQ","USD","1.00","USD","-"
"CB","CHUBB LTD","Financials","Equity","1,052,801,209.79","0.24","1,052,801,209.79","4,173,973.00","252.23","United States","New York Stock Exchange Inc.","USD","1.00","USD","-"
"BSX","BOSTON SCIENTIFIC CORP","Health Care","Equity","1,022,255,969.75","0.23","1,022,255,969.75","15,088,649.00","67.75","United States","New York Stock Exchange Inc.","USD","1.00","USD","-"
"ADP","AUTOMATIC DATA PROCESSING INC","Industrials","Equity","1,021,799,491.21","0.23","1,021,799,491.21","4,231,229.00","241.49","United States","NASDAQ","USD","1.00","USD","-"
"SBUX","STARBUCKS CORP","Consumer Discretionary","Equity","1,021,753,380.18","0.23","1,021,753,380.18","11,661,189.00","87.62","United States","NASDAQ","USD","1.00","USD","-"
"REGN","REGENERON PHARMACEUTICALS INC","Health Care","Equity","1,019,619,250.02","0.23","1,019,619,250.02","1,088,151.00","937.02","United States","NASDAQ","USD","1.00","USD","-"
"MMC","MARSH & MCLENNAN INC","Financials","Equity","1,017,290,186.00","0.23","1,017,290,186.00","5,067,448.00","200.75","United States","New York Stock Exchange Inc.","USD","1.00","USD","-"
"LMT","LOCKHEED MARTIN CORP","Industrials","Equity","1,005,720,847.96","0.23","1,005,720,847.96","2,215,049.00","454.04","United States","New York Stock Exchange Inc.","USD","1.00","USD","-"
"ADI","ANALOG DEVICES INC","Information Technology","Equity","980,260,625.30","0.22","980,260,625.30","5,106,854.00","191.95","United States","NASDAQ","USD","1.00","USD","-"
"CVS","CVS HEALTH CORP","Health Care","Equity","957,850,268.20","0.21","957,850,268.20","12,961,438.00","73.90","United States","New York Stock Exchange Inc.","USD","1.00","USD","-"
"FI","FISERV INC","Financials","Equity","957,579,263.20","0.21","957,579,263.20","6,181,520.00","154.91","United States","New York Stock Exchange Inc.","USD","1.00","USD","-"
"MDLZ","MONDELEZ INTERNATIONAL INC CLASS A","Consumer Staples","Equity","945,962,745.48","0.21","945,962,745.48","13,868,388.00","68.21","United States","NASDAQ","USD","1.00","USD","-"
"KLAC","KLA CORP","Information Technology","Equity","937,216,098.00","0.21","937,216,098.00","1,393,112.00","672.75","United States","NASDAQ","USD","1.00","USD","-"
"BX","BLACKSTONE INC","Financials","Equity","933,601,537.48","0.21","933,601,537.48","7,408,948.00","126.01","United States","New York Stock Exchange Inc.","USD","1.00","USD","-"
"AMT","AMERICAN TOWER REIT CORP","Real Estate","Equity","913,740,483.70","0.20","913,740,483.70","4,801,579.00","190.30","United States","New York Stock Exchange Inc.","USD","1.00","USD","-"
"GILD","GILEAD SCIENCES INC","Health Care","Equity","892,564,152.35","0.20","892,564,152.35","12,833,417.00","69.55","United States","NASDAQ","USD","1.00","USD","-"
"SNPS","SYNOPSYS INC","Information Technology","Equity","890,937,749.54","0.20","890,937,749.54","1,571,014.00","567.11","United States","NASDAQ","USD","1.00","USD","-"
"TMUS","T MOBILE US INC","Communication","Equity","869,256,232.08","0.19","869,256,232.08","5,378,728.00","161.61","United States","NASDAQ","USD","1.00","USD","-"
"PANW","PALO ALTO NETWORKS INC","Information Technology","Equity","861,270,945.60","0.19","861,270,945.60","3,247,628.00","265.20","United States","NASDAQ","USD","1.00","USD","-"
"CDNS","CADENCE DESIGN SYSTEMS INC","Information Technology","Equity","858,805,996.80","0.19","858,805,996.80","2,802,160.00","306.48","United States","NASDAQ","USD","1.00","USD","-"
"MPC","MARATHON PETROLEUM CORP","Energy","Equity","819,630,966.25","0.18","819,630,966.25","3,790,201.00","216.25","United States","New York Stock Exchange Inc.","USD","1.00","USD","-"
"TGT","TARGET CORP","Consumer Staples","Equity","818,907,649.98","0.18","818,907,649.98","4,755,009.00","172.22","United States","New York Stock Exchange Inc.","USD","1.00","USD","-"
"XTSLA","BLK CSH FND TREASURY SL AGENCY","Cash and/or Derivatives","Money Market","811,951,634.72","0.18","811,951,634.72","811,951,635.00","1.00","United States","-","USD","1.00","USD","-"
"ICE","INTERCONTINENTAL EXCHANGE INC","Financials","Equity","806,224,885.60","0.18","806,224,885.60","5,897,768.00","136.70","United States","New York Stock Exchange Inc.","USD","1.00","USD","-"
"CMG","CHIPOTLE MEXICAN GRILL INC","Consumer Discretionary","Equity","806,148,739.86","0.18","806,148,739.86","282,262.00","2,856.03","United States","New York Stock Exchange Inc.","USD","1.00","USD","-"
"EOG","EOG RESOURCES INC","Energy","Equity","805,001,201.81","0.18","805,001,201.81","6,006,127.00","134.03","United States","New York Stock Exchange Inc.","USD","1.00","USD","-"
"SHW","SHERWIN WILLIAMS","Materials","Equity","800,017,374.64","0.18","800,017,374.64","2,425,324.00","329.86","United States","New York Stock Exchange Inc.","USD","1.00","USD","-"
"SLB","SCHLUMBERGER NV","Energy","Equity","797,862,724.29","0.18","797,862,724.29","14,701,727.00","54.27","United States","New York Stock Exchange Inc.","USD","1.00","USD","-"
"SO","SOUTHERN","Utilities","Equity","786,857,219.70","0.18","786,857,219.70","11,232,794.00","70.05","United States","New York Stock Exchange Inc.","USD","1.00","USD","-"
"CME","CME GROUP INC CLASS A","Financials","Equity","786,786,188.43","0.18","786,786,188.43","3,707,583.00","212.21","United States","NASDAQ","USD","1.00","USD","-"
"ZTS","ZOETIS INC CLASS A","Health Care","Equity","782,664,630.40","0.18","782,664,630.40","4,728,520.00","165.52","United States","New York Stock Exchange Inc.","USD","1.00","USD","-"
"WM","WASTE MANAGEMENT INC","Industrials","Equity","781,754,188.41","0.18","781,754,188.41","3,774,949.00","207.09","United States","New York Stock Exchange Inc.","USD","1.00","USD","-"
"DUK","DUKE ENERGY CORP","Utilities","Equity","763,289,016.12","0.17","763,289,016.12","7,941,001.00","96.12","United States","New York Stock Exchange Inc.","USD","1.00","USD","-"
"PSX","PHILLIPS","Energy","Equity","755,911,851.00","0.17","755,911,851.00","4,428,825.00","170.68","United States","New York Stock Exchange Inc.","USD","1.00","USD","-"
"EQIX","EQUINIX REIT INC","Real Estate","Equity","755,278,957.68","0.17","755,278,957.68","967,017.00","781.04","United States","NASDAQ","USD","1.00","USD","-"
"MO","ALTRIA GROUP INC","Consumer Staples","Equity","754,310,802.02","0.17","754,310,802.02","18,163,034.00","41.53","United States","New York Stock Exchange Inc.","USD","1.00","USD","-"
"ANET","ARISTA NETWORKS INC","Information Technology","Equity","749,476,545.70","0.17","749,476,545.70","2,595,410.00","288.77","United States","New York Stock Exchange Inc.","USD","1.00","USD","-"
"CL","COLGATE-PALMOLIVE","Consumer Staples","Equity","741,177,783.00","0.17","741,177,783.00","8,480,295.00","87.40","United States","New York Stock Exchange Inc.","USD","1.00","USD","-"
"CSX","CSX CORP","Industrials","Equity","735,154,441.56","0.16","735,154,441.56","20,353,113.00","36.12","United States","NASDAQ","USD","1.00","USD","-"
"PH","PARKER-HANNIFIN CORP","Industrials","Equity","734,753,775.80","0.16","734,753,775.80","1,322,332.00","555.65","United States","New York Stock Exchange Inc.","USD","1.00","USD","-"
"ITW","ILLINOIS TOOL INC","Industrials","Equity","733,146,565.38","0.16","733,146,565.38","2,800,621.00","261.78","United States","New York Stock Exchange Inc.","USD","1.00","USD","-"
"FCX","FREEPORT MCMORAN INC","Materials","Equity","726,367,009.98","0.16","726,367,009.98","14,769,561.00","49.18","United States","New York Stock Exchange Inc.","USD","1.00","USD","-"
"MCK","MCKESSON CORP","Health Care","Equity","723,752,163.81","0.16","723,752,163.81","1,353,339.00","534.79","United States","New York Stock Exchange Inc.","USD","1.00","USD","-"
"BDX","BECTON DICKINSON","Health Care","Equity","723,210,830.20","0.16","723,210,830.20","2,975,564.00","243.05","United States","New York Stock Exchange Inc.","USD","1.00","USD","-"
"ABNB","AIRBNB INC CLASS A","Consumer Discretionary","Equity","712,539,244.12","0.16","712,539,244.12","4,485,893.00","158.84","United States","NASDAQ","USD","1.00","USD","-"
"PYPL","PAYPAL HOLDINGS INC","Financials","Equity","712,424,080.06","0.16","712,424,080.06","11,038,489.00","64.54","United States","NASDAQ","USD","1.00","USD","-"
"APH","AMPHENOL CORP CLASS A","Information Technology","Equity","711,112,086.10","0.16","711,112,086.10","6,178,211.00","115.10","United States","New York Stock Exchange Inc.","USD","1.00","USD","-"
"TT","TRANE TECHNOLOGIES PLC","Industrials","Equity","697,211,412.39","0.16","697,211,412.39","2,343,489.00","297.51","United States","New York Stock Exchange Inc.","USD","1.00","USD","-"
"TDG","TRANSDIGM GROUP INC","Industrials","Equity","689,700,841.20","0.15","689,700,841.20","572,670.00","1,204.36","United States","New York Stock Exchange Inc.","USD","1.00","USD","-"
"USB","US BANCORP","Financials","Equity","688,291,902.08","0.15","688,291,902.08","16,036,624.00","42.92","United States","New York Stock Exchange Inc.","USD","1.00","USD","-"
"GD","GENERAL DYNAMICS CORP","Industrials","Equity","685,634,566.68","0.15","685,634,566.68","2,338,294.00","293.22","United States","New York Stock Exchange Inc.","USD","1.00","USD","-"
"ORLY","OREILLY AUTOMOTIVE INC","Consumer Discretionary","Equity","668,955,511.98","0.15","668,955,511.98","608,346.00","1,099.63","United States","NASDAQ","USD","1.00","USD","Jan 01, 1970"
"NOC","NORTHROP GRUMMAN CORP","Industrials","Equity","667,449,378.12","0.15","667,449,378.12","1,452,619.00","459.48","United States","New York Stock Exchange Inc.","USD","1.00","USD","-"
"EMR","EMERSON ELECTRIC","Industrials","Equity","665,591,163.12","0.15","665,591,163.12","5,888,103.00","113.04","United States","New York Stock Exchange Inc.","USD","1.00","USD","-"
"HCA","HCA HEALTHCARE INC","Health Care","Equity","663,374,439.45","0.15","663,374,439.45","2,040,085.00","325.17","United States","New York Stock Exchange Inc.","USD","1.00","USD","-"
"FDX","FEDEX CORP","Industrials","Equity","652,400,241.23","0.15","652,400,241.23","2,367,973.00","275.51","United States","New York Stock Exchange Inc.","USD","1.00","USD","-"
"PCAR","PACCAR INC","Industrials","Equity","649,327,170.98","0.15","649,327,170.98","5,387,266.00","120.53","United States","NASDAQ","USD","1.00","USD","-"
"PXD","PIONEER NATURAL RESOURCE","Energy","Equity","649,279,293.76","0.15","649,279,293.76","2,406,164.00","269.84","United States","New York Stock Exchange Inc.","USD","1.00","USD","-"
"AON","AON PLC CLASS A","Financials","Equity","649,064,238.79","0.15","649,064,238.79","2,062,027.00","314.77","United States","New York Stock Exchange Inc.","USD","1.00","USD","-"
"PNC","PNC FINANCIAL SERVICES GROUP INC","Financials","Equity","643,137,560.88","0.14","643,137,560.88","4,099,551.00","156.88","United States","New York Stock Exchange Inc.","USD","1.00","USD","-"
"NXPI","NXP SEMICONDUCTORS NV","Information Technology","Equity","634,902,834.53","0.14","634,902,834.53","2,654,609.00","239.17","United States","NASDAQ","USD","1.00","USD","-"
"MCO","MOODYS CORP","Financials","Equity","634,780,000.55","0.14","634,780,000.55","1,621,115.00","391.57","United States","New York Stock Exchange Inc.","USD","1.00","USD","-"
"VLO","VALERO ENERGY CORP","Energy","Equity","633,346,712.49","0.14","633,346,712.49","3,506,709.00","180.61","United States","New York Stock Exchange Inc.","USD","1.00","USD","-"
"MAR","MARRIOTT INTERNATIONAL INC CLASS A","Consumer Discretionary","Equity","632,428,245.55","0.14","632,428,245.55","2,540,995.00","248.89","United States","NASDAQ","USD","1.00","USD","-"
"CEG","CONSTELLATION ENERGY CORP","Utilities","Equity","602,326,428.64","0.14","602,326,428.64","3,289,424.00","183.11","United States","NASDAQ","USD","1.00","USD","-"
"MSI","MOTOROLA SOLUTIONS INC","Information Technology","Equity","594,790,162.23","0.13","594,790,162.23","1,709,511.00","347.93","United States","New York Stock Exchange Inc.","USD","1.00","USD","-"
"ROP","ROPER TECHNOLOGIES INC","Information Technology","Equity","591,241,716.80","0.13","591,241,716.80","1,100,435.00","537.28","United States","NASDAQ","USD","1.00","USD","-"
"CTAS","CINTAS CORP","Industrials","Equity","589,634,342.22","0.13","589,634,342.22","887,322.00","664.51","United States","NASDAQ","USD","1.00","USD","-"
"ECL","ECOLAB INC","Materials","Equity","586,995,750.42","0.13","586,995,750.42","2,613,749.00","224.58","United States","New York Stock Exchange Inc.","USD","1.00","USD","-"
"NSC","NORFOLK SOUTHERN CORP","Industrials","Equity","578,092,908.36","0.13","578,092,908.36","2,326,236.00","248.51","United States","New York Stock Exchange Inc.","USD","1.00","USD","-"
"EW","EDWARDS LIFESCIENCES CORP","Health Care","Equity","569,696,668.80","0.13","569,696,668.80","6,246,674.00","91.20","United States","New York Stock Exchange Inc.","USD","1.00","USD","-"
"COF","CAPITAL ONE FINANCIAL CORP","Financials","Equity","556,825,827.86","0.12","556,825,827.86","3,917,722.00","142.13","United States","New York Stock Exchange Inc.","USD","1.00","USD","-"
"AIG","AMERICAN INTERNATIONAL GROUP INC","Financials","Equity","554,021,214.30","0.12","554,021,214.30","7,230,765.00","76.62","United States","New York Stock Exchange Inc.","USD","1.00","USD","-"
"AZO","AUTOZONE INC","Consumer Discretionary","Equity","548,989,038.08","0.12","548,989,038.08","177,952.00","3,085.04","United States","New York Stock Exchange Inc.","USD","1.00","USD","-"
"APD","AIR PRODUCTS AND CHEMICALS INC","Materials","Equity","542,844,139.09","0.12","542,844,139.09","2,289,419.00","237.11","United States","New York Stock Exchange Inc.","USD","1.00","USD","-"
"HLT","HILTON WORLDWIDE HOLDINGS INC","Consumer Discretionary","Equity","542,244,541.99","0.12","542,244,541.99","2,597,081.00","208.79","United States","New York Stock Exchange Inc.","USD","1.00","USD","-"
"ADSK","AUTODESK INC","Information Technology","Equity","539,326,956.83","0.12","539,326,956.83","2,203,043.00","244.81","United States","NASDAQ","USD","1.00","USD","-"
"TRV","TRAVELERS COMPANIES INC","Financials","Equity","537,078,739.00","0.12","537,078,739.00","2,350,454.00","228.50","United States","New York Stock Exchange Inc.","USD","1.00","USD","-"
"AJG","ARTHUR J GALLAGHER","Financials","Equity","536,573,079.00","0.12","536,573,079.00","2,232,930.00","240.30","United States","New York Stock Exchange Inc.","USD","1.00","USD","-"
"F","FORD MOTOR CO","Consumer Discretionary","Equity","531,000,388.50","0.12","531,000,388.50","40,196,850.00","13.21","United States","New York Stock Exchange Inc.","USD","1.00","USD","-"
"DXCM","DEXCOM INC","Health Care","Equity","529,482,339.46","0.12","529,482,339.46","3,970,919.00","133.34","United States","NASDAQ","USD","1.00","USD","-"
"TFC","TRUIST FINANCIAL CORP","Financials","Equity","521,182,500.86","0.12","521,182,500.86","13,737,019.00","37.94","United States","New York Stock Exchange Inc.","USD","1.00","USD","-"
"GM","GENERAL MOTORS","Consumer Discretionary","Equity","519,357,864.48","0.12","519,357,864.48","11,890,061.00","43.68","United States","New York Stock Exchange Inc.","USD","1.00","USD","-"
"WELL","WELLTOWER INC","Real Estate","Equity","515,531,152.64","0.12","515,531,152.64","5,700,256.00","90.44","United States","New York Stock Exchange Inc.","USD","1.00","USD","-"
"MMM","3M","Industrials","Equity","514,781,286.12","0.12","514,781,286.12","5,685,678.00","90.54","United States","New York Stock Exchange Inc.","USD","1.00","USD","-"
"NUE","NUCOR CORP","Materials","Equity","504,090,538.60","0.11","504,090,538.60","2,531,846.00","199.10","United States","New York Stock Exchange Inc.","USD","1.00","USD","-"
"CPRT","COPART INC","Industrials","Equity","501,647,569.98","0.11","501,647,569.98","8,999,777.00","55.74","United States","NASDAQ","USD","1.00","USD","-"
"SMCI","SUPER MICRO COMPUTER INC","Information Technology","Equity","496,792,538.22","0.11","496,792,538.22","518,578.00","957.99","United States","NASDAQ","USD","1.00","USD","-"
"SPG","SIMON PROPERTY GROUP REIT INC","Real Estate","Equity","496,630,866.60","0.11","496,630,866.60","3,356,748.00","147.95","United States","New York Stock Exchange Inc.","USD","1.00","USD","-"
"WMB","WILLIAMS INC","Energy","Equity","490,022,682.95","0.11","490,022,682.95","12,529,345.00","39.11","United States","New York Stock Exchange Inc.","USD","1.00","USD","-"
"ROST","ROSS STORES INC","Consumer Discretionary","Equity","484,415,924.16","0.11","484,415,924.16","3,467,296.00","139.71","United States","NASDAQ","USD","1.00","USD","-"
"CARR","CARRIER GLOBAL CORP","Industrials","Equity","480,582,659.70","0.11","480,582,659.70","8,604,882.00","55.85","United States","New York Stock Exchange Inc.","USD","1.00","USD","-"
"DHI","D R HORTON INC","Consumer Discretionary","Equity","480,247,605.11","0.11","480,247,605.11","3,075,947.00","156.13","United States","New York Stock Exchange Inc.","USD","1.00","USD","-"
"URI","UNITED RENTALS INC","Industrials","Equity","480,167,132.99","0.11","480,167,132.99","692,053.00","693.83","United States","New York Stock Exchange Inc.","USD","1.00","USD","-"
"MCHP","MICROCHIP TECHNOLOGY INC","Information Technology","Equity","480,116,776.76","0.11","480,116,776.76","5,565,926.00","86.26","United States","NASDAQ","USD","1.00","USD","-"
"OKE","ONEOK INC","Energy","Equity","475,331,011.58","0.11","475,331,011.58","6,000,139.00","79.22","United States","New York Stock Exchange Inc.","USD","1.00","USD","-"
"ALL","ALLSTATE CORP","Financials","Equity","462,918,592.70","0.10","462,918,592.70","2,703,490.00","171.23","United States","New York Stock Exchange Inc.","USD","1.00","USD","-"
"MET","METLIFE INC","Financials","Equity","462,357,550.78","0.10","462,357,550.78","6,322,406.00","73.13","United States","New York Stock Exchange Inc.","USD","1.00","USD","-"
"TEL","TE CONNECTIVITY LTD","Information Technology","Equity","459,533,665.92","0.10","459,533,665.92","3,180,604.00","144.48","United States","New York Stock Exchange Inc.","USD","1.00","USD","-"
"SRE","SEMPRA","Utilities","Equity","459,185,092.52","0.10","459,185,092.52","6,482,003.00","70.84","United States","New York Stock Exchange Inc.","USD","1.00","USD","-"
"OXY","OCCIDENTAL PETROLEUM CORP","Energy","Equity","458,472,967.68","0.10","458,472,967.68","6,779,136.00","67.63","United States","New York Stock Exchange Inc.","USD","1.00","USD","-"
"AFL","AFLAC INC","Financials","Equity","457,372,249.92","0.10","457,372,249.92","5,421,672.00","84.36","United States","New York Stock Exchange Inc.","USD","1.00","USD","-"
"PSA","PUBLIC STORAGE REIT","Real Estate","Equity","457,389,036.48","0.10","457,389,036.48","1,629,807.00","280.64","United States","New York Stock Exchange Inc.","USD","1.00","USD","-"
"AEP","AMERICAN ELECTRIC POWER INC","Utilities","Equity","454,750,365.04","0.10","454,750,365.04","5,416,274.00","83.96","United States","NASDAQ","USD","1.00","USD","-"
"FTNT","FORTINET INC","Information Technology","Equity","454,450,365.88","0.10","454,450,365.88","6,564,356.00","69.23","United States","NASDAQ","USD","1.00","USD","-"
"CCI","CROWN CASTLE INC","Real Estate","Equity","452,523,403.20","0.10","452,523,403.20","4,466,720.00","101.31","United States","New York Stock Exchange Inc.","USD","1.00","USD","-"
"JCI","JOHNSON CONTROLS INTERNATIONAL PLC","Industrials","Equity","451,972,469.44","0.10","451,972,469.44","7,019,296.00","64.39","United States","New York Stock Exchange Inc.","USD","1.00","USD","-"
"GWW","WW GRAINGER INC","Industrials","Equity","451,721,524.76","0.10","451,721,524.76","454,828.00","993.17","United States","New York Stock Exchange Inc.","USD","1.00","USD","-"
"O","REALTY INCOME REIT CORP","Real Estate","Equity","450,719,819.82","0.10","450,719,819.82","8,565,561.00","52.62","United States","New York Stock Exchange Inc.","USD","1.00","USD","-"
"IQV","IQVIA HOLDINGS INC","Health Care","Equity","448,404,198.45","0.10","448,404,198.45","1,879,865.00","238.53","United States","New York Stock Exchange Inc.","USD","1.00","USD","-"
"NEM","NEWMONT","Materials","Equity","447,742,020.28","0.10","447,742,020.28","11,870,149.00","37.72","United States","New York Stock Exchange Inc.","USD","1.00","USD","-"
"BK","BANK OF NEW YORK MELLON CORP","Financials","Equity","443,993,514.86","0.10","443,993,514.86","7,820,918.00","56.77","United States","New York Stock Exchange Inc.","USD","1.00","USD","-"
"FAST","FASTENAL","Industrials","Equity","443,047,394.63","0.10","443,047,394.63","5,893,939.00","75.17","United States","NASDAQ","USD","1.00","USD","-"
"IDXX","IDEXX LABORATORIES INC","Health Care","Equity","443,054,251.20","0.10","443,054,251.20","855,152.00","518.10","United States","NASDAQ","USD","1.00","USD","-"
"AMP","AMERIPRISE FINANCE INC","Financials","Equity","442,701,115.78","0.10","442,701,115.78","1,032,202.00","428.89","United States","New York Stock Exchange Inc.","USD","1.00","USD","-"
"HES","HESS CORP","Energy","Equity","442,626,740.40","0.10","442,626,740.40","2,835,170.00","156.12","United States","New York Stock Exchange Inc.","USD","1.00","USD","-"
"KMB","KIMBERLY CLARK CORP","Consumer Staples","Equity","438,955,253.00","0.10","438,955,253.00","3,470,002.00","126.50","United States","New York Stock Exchange Inc.","USD","1.00","USD","-"
"FIS","FIDELITY NATIONAL INFORMATION SERV","Financials","Equity","438,768,959.10","0.10","438,768,959.10","6,102,489.00","71.90","United States","New York Stock Exchange Inc.","USD","1.00","USD","-"
"STZ","CONSTELLATION BRANDS INC CLASS A","Consumer Staples","Equity","437,942,111.06","0.10","437,942,111.06","1,656,926.00","264.31","United States","New York Stock Exchange Inc.","USD","1.00","USD","-"
"DLR","DIGITAL REALTY TRUST REIT INC","Real Estate","Equity","436,298,309.20","0.10","436,298,309.20","3,119,090.00","139.88","United States","New York Stock Exchange Inc.","USD","1.00","USD","-"
"MSCI","MSCI INC","Financials","Equity","434,636,126.28","0.10","434,636,126.28","814,566.00","533.58","United States","New York Stock Exchange Inc.","USD","1.00","USD","-"
"DOW","DOW INC","Materials","Equity","432,984,978.84","0.10","432,984,978.84","7,233,294.00","59.86","United States","New York Stock Exchange Inc.","USD","1.00","USD","-"
"PRU","PRUDENTIAL FINANCIAL INC","Financials","Equity","430,900,923.21","0.10","430,900,923.21","3,718,189.00","115.89","United States","New York Stock Exchange Inc.","USD","1.00","USD","-"
"A","AGILENT TECHNOLOGIES INC","Health Care","Equity","426,556,911.66","0.10","426,556,911.66","3,017,949.00","141.34","United States","New York Stock Exchange Inc.","USD","1.00","USD","-"
"AME","AMETEK INC","Industrials","Equity","426,276,115.44","0.10","426,276,115.44","2,376,916.00","179.34","United States","New York Stock Exchange Inc.","USD","1.00","USD","-"
"MNST","MONSTER BEVERAGE CORP","Consumer Staples","Equity","424,177,777.50","0.10","424,177,777.50","7,608,570.00","55.75","United States","NASDAQ","USD","1.00","USD","-"
"LULU","LULULEMON ATHLETICA INC","Consumer Discretionary","Equity","422,826,857.04","0.09","422,826,857.04","1,182,534.00","357.56","United States","NASDAQ","USD","1.00","USD","-"
"D","DOMINION ENERGY INC","Utilities","Equity","419,293,479.15","0.09","419,293,479.15","8,618,571.00","48.65","United States","New York Stock Exchange Inc.","USD","1.00","USD","-"
"LEN","LENNAR A CORP","Consumer Discretionary","Equity","416,560,347.60","0.09","416,560,347.60","2,545,590.00","163.64","United States","New York Stock Exchange Inc.","USD","1.00","USD","-"
"CMI","CUMMINS INC","Industrials","Equity","414,078,358.50","0.09","414,078,358.50","1,404,846.00","294.75","United States","New York Stock Exchange Inc.","USD","1.00","USD","-"
"COR","CENCORA INC","Health Care","Equity","412,807,207.32","0.09","412,807,207.32","1,705,533.00","242.04","United States","New York Stock Exchange Inc.","USD","1.00","USD","-"
"CTVA","CORTEVA INC","Materials","Equity","411,645,762.20","0.09","411,645,762.20","7,228,196.00","56.95","United States","New York Stock Exchange Inc.","USD","1.00","USD","-"
"GIS","GENERAL MILLS INC","Consumer Staples","Equity","411,652,408.86","0.09","411,652,408.86","5,848,997.00","70.38","United States","New York Stock Exchange Inc.","USD","1.00","USD","-"
"LHX","L3HARRIS TECHNOLOGIES INC","Industrials","Equity","409,177,736.43","0.09","409,177,736.43","1,952,277.00","209.59","United States","New York Stock Exchange Inc.","USD","1.00","USD","-"
"OTIS","OTIS WORLDWIDE CORP","Industrials","Equity","405,806,479.14","0.09","405,806,479.14","4,175,823.00","97.18","United States","New York Stock Exchange Inc.","USD","1.00","USD","-"
"ODFL","OLD DOMINION FREIGHT LINE INC","Industrials","Equity","401,848,818.16","0.09","401,848,818.16","1,842,836.00","218.06","United States","NASDAQ","USD","1.00","USD","-"
"CNC","CENTENE CORP","Health Care","Equity","396,625,883.50","0.09","396,625,883.50","5,504,870.00","72.05","United States","New York Stock Exchange Inc.","USD","1.00","USD","-"
"PAYX","PAYCHEX INC","Industrials","Equity","395,793,494.46","0.09","395,793,494.46","3,298,554.00","119.99","United States","NASDAQ","USD","1.00","USD","-"
"YUM","YUM BRANDS INC","Consumer Discretionary","Equity","394,397,863.28","0.09","394,397,863.28","2,894,026.00","136.28","United States","New York Stock Exchange Inc.","USD","1.00","USD","-"
"RSG","REPUBLIC SERVICES INC","Industrials","Equity","393,461,035.44","0.09","393,461,035.44","2,106,548.00","186.78","United States","New York Stock Exchange Inc.","USD","1.00","USD","-"
"SYY","SYSCO CORP","Consumer Staples","Equity","392,491,446.80","0.09","392,491,446.80","5,127,256.00","76.55","United States","New York Stock Exchange Inc.","USD","1.00","USD","-"
"KR","KROGER","Consumer Staples","Equity","391,567,101.44","0.09","391,567,101.44","6,816,976.00","57.44","United States","New York Stock Exchange Inc.","USD","1.00","USD","-"
"HUM","HUMANA INC","Health Care","Equity","390,335,399.36","0.09","390,335,399.36","1,258,984.00","310.04","United States","New York Stock Exchange Inc.","USD","1.00","USD","-"
"PWR","QUANTA SERVICES INC","Industrials","Equity","386,428,960.45","0.09","386,428,960.45","1,496,105.00","258.29","United States","New York Stock Exchange Inc.","USD","1.00","USD","-"
"CSGP","COSTAR GROUP INC","Real Estate","Equity","386,144,688.91","0.09","386,144,688.91","4,205,911.00","91.81","United States","NASDAQ","USD","1.00","USD","-"
"IR","INGERSOLL RAND INC","Industrials","Equity","384,821,313.50","0.09","384,821,313.50","4,169,245.00","92.30","United States","New York Stock Exchange Inc.","USD","1.00","USD","-"
"MLM","MARTIN MARIETTA MATERIALS INC","Materials","Equity","384,620,478.46","0.09","384,620,478.46","636,694.00","604.09","United States","New York Stock Exchange Inc.","USD","1.00","USD","-"
"GEHC","GE HEALTHCARE TECHNOLOGIES INC","Health Care","Equity","383,260,455.48","0.09","383,260,455.48","4,357,213.00","87.96","United States","NASDAQ","USD","1.00","USD","-"
"EXC","EXELON CORP","Utilities","Equity","381,609,960.40","0.09","381,609,960.40","10,252,820.00","37.22","United States","NASDAQ","USD","1.00","USD","-"
"USD","USD CASH","Cash and/or Derivatives","Cash","380,903,109.66","0.09","380,903,109.66","380,903,110.00","100.00","United States","-","USD","1.00","USD","-"
"IT","GARTNER INC","Information Technology","Equity","372,684,856.08","0.08","372,684,856.08","802,612.00","464.34","United States","New York Stock Exchange Inc.","USD","1.00","USD","-"
"HAL","HALLIBURTON","Energy","Equity","372,669,362.70","0.08","372,669,362.70","9,167,758.00","40.65","United States","New York Stock Exchange Inc.","USD","1.00","USD","-"
"FANG","DIAMONDBACK ENERGY INC","Energy","Equity","370,677,694.45","0.08","370,677,694.45","1,843,709.00","201.05","United States","NASDAQ","USD","1.00","USD","-"
"CTSH","COGNIZANT TECHNOLOGY SOLUTIONS COR","Information Technology","Equity","367,284,539.16","0.08","367,284,539.16","5,128,956.00","71.61","United States","NASDAQ","USD","1.00","USD","-"
"KMI","KINDER MORGAN INC","Energy","Equity","367,076,834.22","0.08","367,076,834.22","19,917,354.00","18.43","United States","New York Stock Exchange Inc.","USD","1.00","USD","-"
"PCG","PG&E CORP","Utilities","Equity","364,112,444.29","0.08","364,112,444.29","21,974,197.00","16.57","United States","New York Stock Exchange Inc.","USD","1.00","USD","-"
"VMC","VULCAN MATERIALS","Materials","Equity","363,868,603.77","0.08","363,868,603.77","1,368,493.00","265.89","United States","New York Stock Exchange Inc.","USD","1.00","USD","-"
"DG","DOLLAR GENERAL CORP","Consumer Staples","Equity","359,574,808.32","0.08","359,574,808.32","2,260,908.00","159.04","United States","New York Stock Exchange Inc.","USD","1.00","USD","-"
"KVUE","KENVUE INC","Consumer Staples","Equity","358,043,478.96","0.08","358,043,478.96","17,751,288.00","20.17","United States","New York Stock Exchange Inc.","USD","1.00","USD","-"
"GEV","GE VERNOVA INC","Industrials","Equity","352,836,645.48","0.08","352,836,645.48","2,798,958.00","126.06","United States","New York Stock Exchange Inc.","USD","1.00","USD","-"
"BKR","BAKER HUGHES CLASS A","Energy","Equity","349,672,460.80","0.08","349,672,460.80","10,308,740.00","33.92","United States","NASDAQ","USD","1.00","USD","-"
"MRNA","MODERNA INC","Health Care","Equity","349,384,591.92","0.08","349,384,591.92","3,416,296.00","102.27","United States","NASDAQ","USD","1.00","USD","-"
"CDW","CDW CORP","Information Technology","Equity","348,471,864.72","0.08","348,471,864.72","1,379,868.00","252.54","United States","NASDAQ","USD","1.00","USD","-"
"ACGL","ARCH CAPITAL GROUP LTD","Financials","Equity","348,079,302.12","0.08","348,079,302.12","3,821,268.00","91.09","United States","NASDAQ","USD","1.00","USD","-"
"ADM","ARCHER DANIELS MIDLAND","Consumer Staples","Equity","347,432,465.28","0.08","347,432,465.28","5,493,872.00","63.24","United States","New York Stock Exchange Inc.","USD","1.00","USD","-"
"DVN","DEVON ENERGY CORP","Energy","Equity","346,697,747.06","0.08","346,697,747.06","6,598,739.00","52.54","United States","New York Stock Exchange Inc.","USD","1.00","USD","-"
"EL","ESTEE LAUDER INC CLASS A","Consumer Staples","Equity","346,239,375.25","0.08","346,239,375.25","2,399,275.00","144.31","United States","New York Stock Exchange Inc.","USD","1.00","USD","-"
"PPG","PPG INDUSTRIES INC","Materials","Equity","339,422,499.72","0.08","339,422,499.72","2,428,436.00","139.77","United States","New York Stock Exchange Inc.","USD","1.00","USD","-"
"PEG","PUBLIC SERVICE ENTERPRISE GROUP IN","Utilities","Equity","339,318,301.52","0.08","339,318,301.52","5,132,632.00","66.11","United States","New York Stock Exchange Inc.","USD","1.00","USD","-"
"VRSK","VERISK ANALYTICS INC","Industrials","Equity","338,222,901.52","0.08","338,222,901.52","1,493,126.00","226.52","United States","NASDAQ","USD","1.00","USD","-"
"GPN","GLOBAL PAYMENTS INC","Financials","Equity","337,920,282.00","0.08","337,920,282.00","2,681,907.00","126.00","United States","New York Stock Exchange Inc.","USD","1.00","USD","-"
"DD","DUPONT DE NEMOURS INC","Materials","Equity","335,566,743.00","0.08","335,566,743.00","4,429,924.00","75.75","United States","New York Stock Exchange Inc.","USD","1.00","USD","-"
"KDP","KEURIG DR PEPPER INC","Consumer Staples","Equity","329,103,132.80","0.07","329,103,132.80","10,726,960.00","30.68","United States","NASDAQ","USD","1.00","USD","-"
"RCL","ROYAL CARIBBEAN GROUP LTD","Consumer Discretionary","Equity","328,084,541.44","0.07","328,084,541.44","2,429,536.00","135.04","United States","New York Stock Exchange Inc.","USD","1.00","USD","-"
"ROK","ROCKWELL AUTOMATION INC","Industrials","Equity","326,109,744.18","0.07","326,109,744.18","1,180,146.00","276.33","United States","New York Stock Exchange Inc.","USD","1.00","USD","-"
"EA","ELECTRONIC ARTS INC","Communication","Equity","324,660,387.64","0.07","324,660,387.64","2,505,869.00","129.56","United States","NASDAQ","USD","1.00","USD","-"
"DFS","DISCOVER FINANCIAL SERVICES","Financials","Equity","321,947,125.00","0.07","321,947,125.00","2,575,577.00","125.00","United States","New York Stock Exchange Inc.","USD","1.00","USD","-"
"ED","CONSOLIDATED EDISON INC","Utilities","Equity","320,705,628.91","0.07","320,705,628.91","3,555,889.00","90.19","United States","New York Stock Exchange Inc.","USD","1.00","USD","-"
"EFX","EQUIFAX INC","Industrials","Equity","320,018,212.48","0.07","320,018,212.48","1,269,712.00","252.04","United States","New York Stock Exchange Inc.","USD","1.00","USD","-"
"MPWR","MONOLITHIC POWER SYSTEMS INC","Information Technology","Equity","318,276,480.06","0.07","318,276,480.06","494,879.00","643.14","United States","NASDAQ","USD","1.00","USD","-"
"XYL","XYLEM INC","Industrials","Equity","315,995,089.50","0.07","315,995,089.50","2,483,262.00","127.25","United States","New York Stock Exchange Inc.","USD","1.00","USD","-"
"EXR","EXTRA SPACE STORAGE REIT INC","Real Estate","Equity","314,504,568.52","0.07","314,504,568.52","2,176,201.00","144.52","United States","New York Stock Exchange Inc.","USD","1.00","USD","-"
"HIG","HARTFORD FINANCIAL SERVICES GROUP","Financials","Equity","313,055,262.90","0.07","313,055,262.90","3,074,595.00","101.82","United States","New York Stock Exchange Inc.","USD","1.00","USD","-"
"FICO","FAIR ISAAC CORP","Information Technology","Equity","312,368,209.35","0.07","312,368,209.35","256,071.00","1,219.85","United States","New York Stock Exchange Inc.","USD","1.00","USD","-"
"VICI","VICI PPTYS INC","Real Estate","Equity","311,774,546.16","0.07","311,774,546.16","10,655,316.00","29.26","United States","New York Stock Exchange Inc.","USD","1.00","USD","-"
"BIIB","BIOGEN INC","Health Care","Equity","306,362,004.50","0.07","306,362,004.50","1,492,265.00","205.30","United States","NASDAQ","USD","1.00","USD","-"
"KHC","KRAFT HEINZ","Consumer Staples","Equity","305,880,610.00","0.07","305,880,610.00","8,211,560.00","37.25","United States","NASDAQ","USD","1.00","USD","-"
"XEL","XCEL ENERGY INC","Utilities","Equity","305,615,721.43","0.07","305,615,721.43","5,683,759.00","53.77","United States","NASDAQ","USD","1.00","USD","-"
"ANSS","ANSYS INC","Information Technology","Equity","305,473,807.10","0.07","305,473,807.10","895,345.00","341.18","United States","NASDAQ","USD","1.00","USD","-"
"ON","ON SEMICONDUCTOR CORP","Information Technology","Equity","304,116,424.60","0.07","304,116,424.60","4,401,106.00","69.10","United States","NASDAQ","USD","1.00","USD","-"
"DAL","DELTA AIR LINES INC","Industrials","Equity","302,592,364.00","0.07","302,592,364.00","6,595,300.00","45.88","United States","New York Stock Exchange Inc.","USD","1.00","USD","-"
"FTV","FORTIVE CORP","Industrials","Equity","302,593,826.46","0.07","302,593,826.46","3,612,198.00","83.77","United States","New York Stock Exchange Inc.","USD","1.00","USD","-"
"HSY","HERSHEY FOODS","Consumer Staples","Equity","302,471,751.15","0.07","302,471,751.15","1,543,617.00","195.95","United States","New York Stock Exchange Inc.","USD","1.00","USD","-"
"WST","WEST PHARMACEUTICAL SERVICES INC","Health Care","Equity","294,241,201.52","0.07","294,241,201.52","762,046.00","386.12","United States","New York Stock Exchange Inc.","USD","1.00","USD","-"
"CBRE","CBRE GROUP INC CLASS A","Real Estate","Equity","292,380,711.06","0.07","292,380,711.06","3,062,861.00","95.46","United States","New York Stock Exchange Inc.","USD","1.00","USD","-"
"MTD","METTLER TOLEDO INC","Health Care","Equity","284,314,589.70","0.06","284,314,589.70","221,334.00","1,284.55","United States","New York Stock Exchange Inc.","USD","1.00","USD","-"
"TSCO","TRACTOR SUPPLY","Consumer Discretionary","Equity","281,125,190.73","0.06","281,125,190.73","1,113,323.00","252.51","United States","NASDAQ","USD","1.00","USD","-"
"RMD","RESMED INC","Health Care","Equity","280,309,225.00","0.06","280,309,225.00","1,515,185.00","185.00","United States","New York Stock Exchange Inc.","USD","1.00","USD","-"
"WTW","WILLIS TOWERS WATSON PLC","Financials","Equity","279,206,159.52","0.06","279,206,159.52","1,048,386.00","266.32","United States","NASDAQ","USD","1.00","USD","-"
"KEYS","KEYSIGHT TECHNOLOGIES INC","Information Technology","Equity","278,580,879.45","0.06","278,580,879.45","1,799,037.00","154.85","United States","New York Stock Exchange Inc.","USD","1.00","USD","-"
"DLTR","DOLLAR TREE INC","Consumer Staples","Equity","276,562,087.36","0.06","276,562,087.36","2,131,664.00","129.74","United States","NASDAQ","USD","1.00","USD","-"
"EIX","EDISON INTERNATIONAL","Utilities","Equity","275,936,767.15","0.06","275,936,767.15","3,950,419.00","69.85","United States","New York Stock Exchange Inc.","USD","1.00","USD","-"
"CAH","CARDINAL HEALTH INC","Health Care","Equity","275,885,177.68","0.06","275,885,177.68","2,505,314.00","110.12","United States","New York Stock Exchange Inc.","USD","1.00","USD","-"
"CHTR","CHARTER COMMUNICATIONS INC CLASS A","Communication","Equity","275,902,750.44","0.06","275,902,750.44","1,017,228.00","271.23","United States","NASDAQ","USD","1.00","USD","-"
"LYB","LYONDELLBASELL INDUSTRIES NV CLASS","Materials","Equity","275,206,334.40","0.06","275,206,334.40","2,636,076.00","104.40","United States","New York Stock Exchange Inc.","USD","1.00","USD","-"
"EBAY","EBAY INC","Consumer Discretionary","Equity","274,758,751.40","0.06","274,758,751.40","5,345,501.00","51.40","United States","NASDAQ","USD","1.00","USD","-"
"ZBH","ZIMMER BIOMET HOLDINGS INC","Health Care","Equity","274,533,611.52","0.06","274,533,611.52","2,152,192.00","127.56","United States","New York Stock Exchange Inc.","USD","1.00","USD","-"
"WAB","WESTINGHOUSE AIR BRAKE TECHNOLOGIE","Industrials","Equity","271,908,308.32","0.06","271,908,308.32","1,845,448.00","147.34","United States","New York Stock Exchange Inc.","USD","1.00","USD","-"
"TROW","T ROWE PRICE GROUP INC","Financials","Equity","268,085,445.38","0.06","268,085,445.38","2,305,913.00","116.26","United States","NASDAQ","USD","1.00","USD","-"
"HPQ","HP INC","Information Technology","Equity","266,200,070.76","0.06","266,200,070.76","8,981,109.00","29.64","United States","New York Stock Exchange Inc.","USD","1.00","USD","-"
"HWM","HOWMET AEROSPACE INC","Industrials","Equity","264,008,312.48","0.06","264,008,312.48","4,028,816.00","65.53","United States","New York Stock Exchange Inc.","USD","1.00","USD","-"
"WEC","WEC ENERGY GROUP INC","Utilities","Equity","263,264,687.34","0.06","263,264,687.34","3,248,978.00","81.03","United States","New York Stock Exchange Inc.","USD","1.00","USD","-"
"AVB","AVALONBAY COMMUNITIES REIT INC","Real Estate","Equity","263,184,949.03","0.06","263,184,949.03","1,460,759.00","180.17","United States","New York Stock Exchange Inc.","USD","1.00","USD","-"
"TRGP","TARGA RESOURCES CORP","Energy","Equity","262,651,183.80","0.06","262,651,183.80","2,296,705.00","114.36","United States","New York Stock Exchange Inc.","USD","1.00","USD","-"
"WY","WEYERHAEUSER REIT","Real Estate","Equity","260,351,364.88","0.06","260,351,364.88","7,515,917.00","34.64","United States","New York Stock Exchange Inc.","USD","1.00","USD","-"
"CHD","CHURCH AND DWIGHT INC","Consumer Staples","Equity","259,110,605.20","0.06","259,110,605.20","2,537,812.00","102.10","United States","New York Stock Exchange Inc.","USD","1.00","USD","-"
"NVR","NVR INC","Consumer Discretionary","Equity","256,735,030.00","0.06","256,735,030.00","32,957.00","7,790.00","United States","New York Stock Exchange Inc.","USD","1.00","USD","-"
"GLW","CORNING INC","Information Technology","Equity","256,000,378.53","0.06","256,000,378.53","7,908,569.00","32.37","United States","New York Stock Exchange Inc.","USD","1.00","USD","-"
"BLDR","BUILDERS FIRSTSOURCE INC","Industrials","Equity","254,989,036.50","0.06","254,989,036.50","1,270,182.00","200.75","United States","New York Stock Exchange Inc.","USD","1.00","USD","-"
"DOV","DOVER CORP","Industrials","Equity","249,532,011.20","0.06","249,532,011.20","1,440,716.00","173.20","United States","New York Stock Exchange Inc.","USD","1.00","USD","-"
"PHM","PULTEGROUP INC","Consumer Discretionary","Equity","248,684,618.40","0.06","248,684,618.40","2,184,510.00","113.84","United States","New York Stock Exchange Inc.","USD","1.00","USD","-"
"FITB","FIFTH THIRD BANCORP","Financials","Equity","247,490,611.20","0.06","247,490,611.20","7,015,040.00","35.28","United States","NASDAQ","USD","1.00","USD","-"
"RJF","RAYMOND JAMES INC","Financials","Equity","246,872,801.25","0.06","246,872,801.25","1,937,625.00","127.41","United States","New York Stock Exchange Inc.","USD","1.00","USD","-"
"TTWO","TAKE TWO INTERACTIVE SOFTWARE INC","Communication","Equity","244,270,447.47","0.05","244,270,447.47","1,632,933.00","149.59","United States","NASDAQ","USD","1.00","USD","-"
"AWK","AMERICAN WATER WORKS INC","Utilities","Equity","241,414,506.06","0.05","241,414,506.06","2,005,437.00","120.38","United States","New York Stock Exchange Inc.","USD","1.00","USD","-"
"BR","BROADRIDGE FINANCIAL SOLUTIONS INC","Industrials","Equity","240,880,336.27","0.05","240,880,336.27","1,212,953.00","198.59","United States","New York Stock Exchange Inc.","USD","1.00","USD","-"
"HPE","HEWLETT PACKARD ENTERPRISE","Information Technology","Equity","240,208,042.62","0.05","240,208,042.62","13,389,523.00","17.94","United States","New York Stock Exchange Inc.","USD","1.00","USD","-"
"NDAQ","NASDAQ INC","Financials","Equity","238,950,250.08","0.05","238,950,250.08","3,913,368.00","61.06","United States","NASDAQ","USD","1.00","USD","-"
"SBAC","SBA COMMUNICATIONS REIT CORP CLASS","Real Estate","Equity","237,538,220.78","0.05","237,538,220.78","1,111,082.00","213.79","United States","NASDAQ","USD","1.00","USD","-"
"IRM","IRON MOUNTAIN INC","Real Estate","Equity","236,688,754.70","0.05","236,688,754.70","3,007,481.00","78.70","United States","New York Stock Exchange Inc.","USD","1.00","USD","-"
"MTB","M&T BANK CORP","Financials","Equity","236,350,405.20","0.05","236,350,405.20","1,711,320.00","138.11","United States","New York Stock Exchange Inc.","USD","1.00","USD","-"
"STT","STATE STREET CORP","Financials","Equity","236,207,613.95","0.05","236,207,613.95","3,110,041.00","75.95","United States","New York Stock Exchange Inc.","USD","1.00","USD","-"
"WDC","WESTERN DIGITAL CORP","Information Technology","Equity","235,571,433.76","0.05","235,571,433.76","3,339,544.00","70.54","United States","NASDAQ","USD","1.00","USD","-"
"DTE","DTE ENERGY","Utilities","Equity","232,972,766.40","0.05","232,972,766.40","2,126,440.00","109.56","United States","New York Stock Exchange Inc.","USD","1.00","USD","-"
"DECK","DECKERS OUTDOOR CORP","Consumer Discretionary","Equity","231,945,500.78","0.05","231,945,500.78","264,229.00","877.82","United States","New York Stock Exchange Inc.","USD","1.00","USD","-"
"ALGN","ALIGN TECHNOLOGY INC","Health Care","Equity","230,980,235.65","0.05","230,980,235.65","733,387.00","314.95","United States","NASDAQ","USD","1.00","USD","-"
"STLD","STEEL DYNAMICS INC","Materials","Equity","229,876,377.96","0.05","229,876,377.96","1,566,876.00","146.71","United States","NASDAQ","USD","1.00","USD","-"
"GRMN","GARMIN LTD","Consumer Discretionary","Equity","228,427,749.90","0.05","228,427,749.90","1,576,451.00","144.90","United States","New York Stock Exchange Inc.","USD","1.00","USD","-"
"HUBB","HUBBELL INC","Industrials","Equity","227,888,655.12","0.05","227,888,655.12","552,377.00","412.56","United States","New York Stock Exchange Inc.","USD","1.00","USD","-"
"ETR","ENTERGY CORP","Utilities","Equity","227,224,712.32","0.05","227,224,712.32","2,178,151.00","104.32","United States","New York Stock Exchange Inc.","USD","1.00","USD","-"
"CPAY","CORPAY INC","Financials","Equity","226,696,888.89","0.05","226,696,888.89","743,683.00","304.83","United States","New York Stock Exchange Inc.","USD","1.00","USD","-"
"PTC","PTC INC","Information Technology","Equity","225,258,285.20","0.05","225,258,285.20","1,231,256.00","182.95","United States","NASDAQ","USD","1.00","USD","-"
"ULTA","ULTA BEAUTY INC","Consumer Discretionary","Equity","224,417,354.88","0.05","224,417,354.88","500,217.00","448.64","United States","NASDAQ","USD","1.00","USD","-"
"MOH","MOLINA HEALTHCARE INC","Health Care","Equity","224,286,410.70","0.05","224,286,410.70","597,619.00","375.30","United States","New York Stock Exchange Inc.","USD","1.00","USD","-"
"BAX","BAXTER INTERNATIONAL INC","Health Care","Equity","222,965,386.98","0.05","222,965,386.98","5,230,246.00","42.63","United States","New York Stock Exchange Inc.","USD","1.00","USD","-"
"AXON","AXON ENTERPRISE INC","Industrials","Equity","222,611,301.60","0.05","222,611,301.60","725,520.00","306.83","United States","NASDAQ","USD","1.00","USD","-"
"NTAP","NETAPP INC","Information Technology","Equity","222,408,865.60","0.05","222,408,865.60","2,122,222.00","104.80","United States","NASDAQ","USD","1.00","USD","-"
"IFF","INTERNATIONAL FLAVORS & FRAGRANCES","Materials","Equity","220,492,846.42","0.05","220,492,846.42","2,629,297.00","83.86","United States","New York Stock Exchange Inc.","USD","1.00","USD","-"
"CTRA","COTERRA ENERGY INC","Energy","Equity","219,715,838.60","0.05","219,715,838.60","7,747,385.00","28.36","United States","New York Stock Exchange Inc.","USD","1.00","USD","-"
"EQR","EQUITY RESIDENTIAL REIT","Real Estate","Equity","217,760,922.00","0.05","217,760,922.00","3,554,700.00","61.26","United States","New York Stock Exchange Inc.","USD","1.00","USD","-"
"STE","STERIS","Health Care","Equity","217,206,629.20","0.05","217,206,629.20","1,017,838.00","213.40","United States","New York Stock Exchange Inc.","USD","1.00","USD","-"
"APTV","APTIV PLC","Consumer Discretionary","Equity","216,317,248.68","0.05","216,317,248.68","2,873,884.00","75.27","United States","New York Stock Exchange Inc.","USD","1.00","USD","-"
"GPC","GENUINE PARTS","Consumer Discretionary","Equity","214,897,126.60","0.05","214,897,126.60","1,443,716.00","148.85","United States","New York Stock Exchange Inc.","USD","1.00","USD","-"
"BALL","BALL CORP","Materials","Equity","214,311,631.62","0.05","214,311,631.62","3,247,638.00","65.99","United States","New York Stock Exchange Inc.","USD","1.00","USD","-"
"ES","EVERSOURCE ENERGY","Utilities","Equity","211,989,741.00","0.05","211,989,741.00","3,597,925.00","58.92","United States","New York Stock Exchange Inc.","USD","1.00","USD","-"
"PPL","PPL CORP","Utilities","Equity","207,114,534.00","0.05","207,114,534.00","7,592,175.00","27.28","United States","New York Stock Exchange Inc.","USD","1.00","USD","-"
"ILMN","ILLUMINA INC","Health Care","Equity","206,113,194.00","0.05","206,113,194.00","1,635,819.00","126.00","United States","NASDAQ","USD","1.00","USD","-"
"BRO","BROWN & BROWN INC","Financials","Equity","204,238,778.88","0.05","204,238,778.88","2,433,152.00","83.94","United States","New York Stock Exchange Inc.","USD","1.00","USD","-"
"INVH","INVITATION HOMES INC","Real Estate","Equity","203,803,281.60","0.05","203,803,281.60","5,924,514.00","34.40","United States","New York Stock Exchange Inc.","USD","1.00","USD","-"
"FE","FIRSTENERGY CORP","Utilities","Equity","203,551,509.29","0.05","203,551,509.29","5,318,827.00","38.27","United States","New York Stock Exchange Inc.","USD","1.00","USD","-"
"WAT","WATERS CORP","Health Care","Equity","203,526,234.36","0.05","203,526,234.36","608,886.00","334.26","United States","New York Stock Exchange Inc.","USD","1.00","USD","-"
"COO","COOPER INC","Health Care","Equity","202,958,010.68","0.05","202,958,010.68","2,046,773.00","99.16","United States","NASDAQ","USD","1.00","USD","-"
"TDY","TELEDYNE TECHNOLOGIES INC","Information Technology","Equity","202,565,339.55","0.05","202,565,339.55","485,943.00","416.85","United States","New York Stock Exchange Inc.","USD","1.00","USD","-"
"HBAN","HUNTINGTON BANCSHARES INC","Financials","Equity","201,677,650.72","0.05","201,677,650.72","14,916,986.00","13.52","United States","NASDAQ","USD","1.00","USD","-"
"LVS","LAS VEGAS SANDS CORP","Consumer Discretionary","Equity","200,024,855.43","0.04","200,024,855.43","3,803,477.00","52.59","United States","New York Stock Exchange Inc.","USD","1.00","USD","-"
"ARE","ALEXANDRIA REAL ESTATE EQUITIES RE","Real Estate","Equity","198,714,527.77","0.04","198,714,527.77","1,622,027.00","122.51","United States","New York Stock Exchange Inc.","USD","1.00","USD","-"
"MKC","MCCORMICK & CO NON-VOTING INC","Consumer Staples","Equity","197,895,175.92","0.04","197,895,175.92","2,589,912.00","76.41","United States","New York Stock Exchange Inc.","USD","1.00","USD","-"
"AEE","AMEREN CORP","Utilities","Equity","197,420,815.64","0.04","197,420,815.64","2,708,476.00","72.89","United States","New York Stock Exchange Inc.","USD","1.00","USD","-"
"CBOE","CBOE GLOBAL MARKETS INC","Financials","Equity","197,415,795.47","0.04","197,415,795.47","1,087,271.00","181.57","United States","Cboe BZX formerly known as BATS","USD","1.00","USD","-"
"VLTO","VERALTO CORP","Industrials","Equity","195,823,954.31","0.04","195,823,954.31","2,258,899.00","86.69","United States","New York Stock Exchange Inc.","USD","1.00","USD","-"
"DRI","DARDEN RESTAURANTS INC","Consumer Discretionary","Equity","194,942,889.46","0.04","194,942,889.46","1,229,846.00","158.51","United States","New York Stock Exchange Inc.","USD","1.00","USD","-"
"CINF","CINCINNATI FINANCIAL CORP","Financials","Equity","194,466,178.12","0.04","194,466,178.12","1,616,779.00","120.28","United States","NASDAQ","USD","1.00","USD","-"
"J","JACOBS SOLUTIONS INC","Industrials","Equity","193,026,085.54","0.04","193,026,085.54","1,294,261.00","149.14","United States","New York Stock Exchange Inc.","USD","1.00","USD","-"
"WBD","WARNER BROS. DISCOVERY INC SERIES","Communication","Equity","192,902,428.72","0.04","192,902,428.72","22,855,738.00","8.44","United States","NASDAQ","USD","1.00","USD","-"
"TXT","TEXTRON INC","Industrials","Equity","192,808,961.00","0.04","192,808,961.00","2,018,942.00","95.50","United States","New York Stock Exchange Inc.","USD","1.00","USD","-"
"PFG","PRINCIPAL FINANCIAL GROUP INC","Financials","Equity","191,139,233.40","0.04","191,139,233.40","2,259,329.00","84.60","United States","NASDAQ","USD","1.00","USD","-"
"RF","REGIONS FINANCIAL CORP","Financials","Equity","190,906,506.50","0.04","190,906,506.50","9,516,775.00","20.06","United States","New York Stock Exchange Inc.","USD","1.00","USD","-"
"OMC","OMNICOM GROUP INC","Communication","Equity","189,942,637.36","0.04","189,942,637.36","2,039,324.00","93.14","United States","New York Stock Exchange Inc.","USD","1.00","USD","-"
"FSLR","FIRST SOLAR INC","Information Technology","Equity","188,718,306.30","0.04","188,718,306.30","1,100,655.00","171.46","United States","NASDAQ","USD","1.00","USD","-"
"CLX","CLOROX","Consumer Staples","Equity","187,335,890.85","0.04","187,335,890.85","1,278,307.00","146.55","United States","New York Stock Exchange Inc.","USD","1.00","USD","-"
"HOLX","HOLOGIC INC","Health Care","Equity","186,846,656.64","0.04","186,846,656.64","2,417,788.00","77.28","United States","NASDAQ","USD","1.00","USD","-"
"LH","LABORATORY CORPORATION OF AMERICA","Health Care","Equity","184,739,473.12","0.04","184,739,473.12","874,672.00","211.21","United States","New York Stock Exchange Inc.","USD","1.00","USD","-"
"IEX","IDEX CORP","Industrials","Equity","184,438,098.90","0.04","184,438,098.90","778,910.00","236.79","United States","New York Stock Exchange Inc.","USD","1.00","USD","-"
"NTRS","NORTHERN TRUST CORP","Financials","Equity","182,893,495.62","0.04","182,893,495.62","2,112,666.00","86.57","United States","NASDAQ","USD","1.00","USD","-"
"CNP","CENTERPOINT ENERGY INC","Utilities","Equity","182,691,194.60","0.04","182,691,194.60","6,501,466.00","28.10","United States","New York Stock Exchange Inc.","USD","1.00","USD","-"
"LDOS","LEIDOS HOLDINGS INC","Industrials","Equity","182,296,349.14","0.04","182,296,349.14","1,416,334.00","128.71","United States","New York Stock Exchange Inc.","USD","1.00","USD","-"
"STX","SEAGATE TECHNOLOGY HOLDINGS PLC","Information Technology","Equity","182,140,707.64","0.04","182,140,707.64","2,006,839.00","90.76","United States","NASDAQ","USD","1.00","USD","-"
"WRB","WR BERKLEY CORP","Financials","Equity","180,807,988.71","0.04","180,807,988.71","2,087,611.00","86.61","United States","New York Stock Exchange Inc.","USD","1.00","USD","-"
"ATO","ATMOS ENERGY CORP","Utilities","Equity","180,431,297.13","0.04","180,431,297.13","1,553,701.00","116.13","United States","New York Stock Exchange Inc.","USD","1.00","USD","-"
"AVY","AVERY DENNISON CORP","Materials","Equity","180,111,115.80","0.04","180,111,115.80","829,470.00","217.14","United States","New York Stock Exchange Inc.","USD","1.00","USD","-"
"TYL","TYLER TECHNOLOGIES INC","Information Technology","Equity","179,936,765.71","0.04","179,936,765.71","433,823.00","414.77","United States","New York Stock Exchange Inc.","USD","1.00","USD","-"
"CMS","CMS ENERGY CORP","Utilities","Equity","179,735,860.11","0.04","179,735,860.11","3,032,493.00","59.27","United States","New York Stock Exchange Inc.","USD","1.00","USD","-"
"JBL","JABIL INC","Information Technology","Equity","178,507,458.32","0.04","178,507,458.32","1,313,714.00","135.88","United States","New York Stock Exchange Inc.","USD","1.00","USD","-"
"MRO","MARATHON OIL CORP","Energy","Equity","177,693,618.52","0.04","177,693,618.52","6,027,599.00","29.48","United States","New York Stock Exchange Inc.","USD","1.00","USD","-"
"VTR","VENTAS REIT INC","Real Estate","Equity","176,809,147.92","0.04","176,809,147.92","4,144,612.00","42.66","United States","New York Stock Exchange Inc.","USD","1.00","USD","-"
"EXPE","EXPEDIA GROUP INC","Consumer Discretionary","Equity","176,041,267.70","0.04","176,041,267.70","1,346,911.00","130.70","United States","NASDAQ","USD","1.00","USD","-"
"TSN","TYSON FOODS INC CLASS A","Consumer Staples","Equity","175,402,118.48","0.04","175,402,118.48","2,948,926.00","59.48","United States","New York Stock Exchange Inc.","USD","1.00","USD","-"
"EXPD","EXPEDITORS INTERNATIONAL OF WASHIN","Industrials","Equity","173,955,764.30","0.04","173,955,764.30","1,497,682.00","116.15","United States","New York Stock Exchange Inc.","USD","1.00","USD","-"
"DPZ","DOMINOS PIZZA INC","Consumer Discretionary","Equity","173,530,709.66","0.04","173,530,709.66","359,381.00","482.86","United States","New York Stock Exchange Inc.","USD","1.00","USD","-"
"MAS","MASCO CORP","Industrials","Equity","173,345,569.04","0.04","173,345,569.04","2,263,588.00","76.58","United States","New York Stock Exchange Inc.","USD","1.00","USD","-"
"SWKS","SKYWORKS SOLUTIONS INC","Information Technology","Equity","172,825,818.04","0.04","172,825,818.04","1,650,046.00","104.74","United States","NASDAQ","USD","1.00","USD","-"
"SYF","SYNCHRONY FINANCIAL","Financials","Equity","172,595,038.23","0.04","172,595,038.23","4,190,217.00","41.19","United States","New York Stock Exchange Inc.","USD","1.00","USD","-"
"PKG","PACKAGING CORP OF AMERICA","Materials","Equity","171,935,405.62","0.04","171,935,405.62","916,207.00","187.66","United States","New York Stock Exchange Inc.","USD","1.00","USD","-"
"LUV","SOUTHWEST AIRLINES","Industrials","Equity","171,884,152.88","0.04","171,884,152.88","6,145,304.00","27.97","United States","New York Stock Exchange Inc.","USD","1.00","USD","-"
"FDS","FACTSET RESEARCH SYSTEMS INC","Financials","Equity","170,039,461.02","0.04","170,039,461.02","392,438.00","433.29","United States","New York Stock Exchange Inc.","USD","1.00","USD","-"
"VRSN","VERISIGN INC","Information Technology","Equity","169,720,747.56","0.04","169,720,747.56","907,452.00","187.03","United States","NASDAQ","USD","1.00","USD","-"
"EG","EVEREST GROUP LTD","Financials","Equity","169,651,633.02","0.04","169,651,633.02","447,087.00","379.46","United States","New York Stock Exchange Inc.","USD","1.00","USD","-"
"CF","CF INDUSTRIES HOLDINGS INC","Materials","Equity","169,598,017.18","0.04","169,598,017.18","1,967,951.00","86.18","United States","New York Stock Exchange Inc.","USD","1.00","USD","-"
"ENPH","ENPHASE ENERGY INC","Information Technology","Equity","168,894,041.58","0.04","168,894,041.58","1,398,361.00","120.78","United States","NASDAQ","USD","1.00","USD","-"
"CE","CELANESE CORP","Materials","Equity","168,481,701.08","0.04","168,481,701.08","1,031,668.00","163.31","United States","New York Stock Exchange Inc.","USD","1.00","USD","-"
"TER","TERADYNE INC","Information Technology","Equity","166,828,128.35","0.04","166,828,128.35","1,574,593.00","105.95","United States","NASDAQ","USD","1.00","USD","-"
"AKAM","AKAMAI TECHNOLOGIES INC","Information Technology","Equity","164,668,289.79","0.04","164,668,289.79","1,553,621.00","105.99","United States","NASDAQ","USD","1.00","USD","-"
"NRG","NRG ENERGY INC","Utilities","Equity","164,381,459.20","0.04","164,381,459.20","2,325,056.00","70.70","United States","New York Stock Exchange Inc.","USD","1.00","USD","-"
"CFG","CITIZENS FINANCIAL GROUP INC","Financials","Equity","163,753,621.90","0.04","163,753,621.90","4,802,159.00","34.10","United States","New York Stock Exchange Inc.","USD","1.00","USD","-"
"JBHT","JB HUNT TRANSPORT SERVICES INC","Industrials","Equity","163,416,835.56","0.04","163,416,835.56","840,103.00","194.52","United States","NASDAQ","USD","1.00","USD","-"
"SNA","SNAP ON INC","Industrials","Equity","159,330,607.21","0.04","159,330,607.21","543,401.00","293.21","United States","New York Stock Exchange Inc.","USD","1.00","USD","-"
"EPAM","EPAM SYSTEMS INC","Information Technology","Equity","157,950,616.32","0.04","157,950,616.32","594,112.00","265.86","United States","New York Stock Exchange Inc.","USD","1.00","USD","-"
"BG","BUNGE GLOBAL SA","Consumer Staples","Equity","157,812,319.80","0.04","157,812,319.80","1,496,135.00","105.48","United States","New York Stock Exchange Inc.","USD","1.00","USD","-"
"TRMB","TRIMBLE INC","Information Technology","Equity","157,546,234.56","0.04","157,546,234.56","2,562,144.00","61.49","United States","NASDAQ","USD","1.00","USD","-"
"POOL","POOL CORP","Consumer Discretionary","Equity","157,426,671.06","0.04","157,426,671.06","398,367.00","395.18","United States","NASDAQ","USD","1.00","USD","-"
"K","KELLANOVA","Consumer Staples","Equity","156,411,866.66","0.04","156,411,866.66","2,716,427.00","57.58","United States","New York Stock Exchange Inc.","USD","1.00","USD","-"
"CCL","CARNIVAL CORP","Consumer Discretionary","Equity","156,277,273.62","0.04","156,277,273.62","10,376,977.00","15.06","United States","New York Stock Exchange Inc.","USD","1.00","USD","-"
"ESS","ESSEX PROPERTY TRUST REIT INC","Real Estate","Equity","156,019,592.88","0.03","156,019,592.88","661,156.00","235.98","United States","New York Stock Exchange Inc.","USD","1.00","USD","-"
"BBY","BEST BUY CO INC","Consumer Discretionary","Equity","155,977,916.00","0.03","155,977,916.00","1,974,404.00","79.00","United States","New York Stock Exchange Inc.","USD","1.00","USD","-"
"EQT","EQT CORP","Energy","Equity","155,737,710.08","0.03","155,737,710.08","4,236,608.00","36.76","United States","New York Stock Exchange Inc.","USD","1.00","USD","-"
"ZBRA","ZEBRA TECHNOLOGIES CORP CLASS A","Information Technology","Equity","155,035,896.80","0.03","155,035,896.80","529,205.00","292.96","United States","NASDAQ","USD","1.00","USD","-"
"MAA","MID AMERICA APARTMENT COMMUNITIES","Real Estate","Equity","152,431,776.97","0.03","152,431,776.97","1,201,859.00","126.83","United States","New York Stock Exchange Inc.","USD","1.00","USD","-"
"NDSN","NORDSON CORP","Industrials","Equity","151,297,855.60","0.03","151,297,855.60","558,707.00","270.80","United States","NASDAQ","USD","1.00","USD","-"
"CAG","CONAGRA BRANDS INC","Consumer Staples","Equity","150,856,101.28","0.03","150,856,101.28","4,923,502.00","30.64","United States","New York Stock Exchange Inc.","USD","1.00","USD","-"
"DGX","QUEST DIAGNOSTICS INC","Health Care","Equity","150,333,430.00","0.03","150,333,430.00","1,143,220.00","131.50","United States","New York Stock Exchange Inc.","USD","1.00","USD","-"
"SWK","STANLEY BLACK & DECKER INC","Industrials","Equity","149,899,152.02","0.03","149,899,152.02","1,578,883.00","94.94","United States","New York Stock Exchange Inc.","USD","1.00","USD","-"
"LYV","LIVE NATION ENTERTAINMENT INC","Communication","Equity","149,632,582.33","0.03","149,632,582.33","1,461,113.00","102.41","United States","New York Stock Exchange Inc.","USD","1.00","USD","-"
"ALB","ALBEMARLE CORP","Materials","Equity","146,405,495.68","0.03","146,405,495.68","1,208,764.00","121.12","United States","New York Stock Exchange Inc.","USD","1.00","USD","-"
"UAL","UNITED AIRLINES HOLDINGS INC","Industrials","Equity","146,009,693.80","0.03","146,009,693.80","3,378,290.00","43.22","United States","NASDAQ","USD","1.00","USD","-"
"HST","HOST HOTELS & RESORTS REIT INC","Real Estate","Equity","145,896,079.28","0.03","145,896,079.28","7,265,741.00","20.08","United States","NASDAQ","USD","1.00","USD","-"
"KEY","KEYCORP","Financials","Equity","145,468,812.84","0.03","145,468,812.84","9,646,473.00","15.08","United States","New York Stock Exchange Inc.","USD","1.00","USD","-"
"VTRS","VIATRIS INC","Health Care","Equity","145,306,924.56","0.03","145,306,924.56","12,356,031.00","11.76","United States","NASDAQ","USD","1.00","USD","-"
"L","LOEWS CORP","Financials","Equity","143,280,147.72","0.03","143,280,147.72","1,876,377.00","76.36","United States","New York Stock Exchange Inc.","USD","1.00","USD","-"
"PNR","PENTAIR","Industrials","Equity","140,949,280.80","0.03","140,949,280.80","1,702,286.00","82.80","United States","New York Stock Exchange Inc.","USD","1.00","USD","-"
"LKQ","LKQ CORP","Consumer Discretionary","Equity","140,885,697.60","0.03","140,885,697.60","2,755,980.00","51.12","United States","NASDAQ","USD","1.00","USD","-"
"IP","INTERNATIONAL PAPER","Materials","Equity","140,022,802.12","0.03","140,022,802.12","3,563,828.00","39.29","United States","New York Stock Exchange Inc.","USD","1.00","USD","-"
"WBA","WALGREEN BOOTS ALLIANCE INC","Consumer Staples","Equity","139,922,666.78","0.03","139,922,666.78","7,372,111.00","18.98","United States","NASDAQ","USD","1.00","USD","-"
"AMCR","AMCOR PLC","Materials","Equity","136,506,793.29","0.03","136,506,793.29","14,886,237.00","9.17","United States","New York Stock Exchange Inc.","USD","1.00","USD","-"
"DOC","HEALTHPEAK PROPERTIES INC","Real Estate","Equity","133,643,535.09","0.03","133,643,535.09","7,290,973.00","18.33","United States","New York Stock Exchange Inc.","USD","1.00","USD","-"
"CRL","CHARLES RIVER LABORATORIES INTERNA","Health Care","Equity","132,461,026.34","0.03","132,461,026.34","528,449.00","250.66","United States","New York Stock Exchange Inc.","USD","1.00","USD","-"
"APA","APA CORP","Energy","Equity","131,635,275.66","0.03","131,635,275.66","3,715,362.00","35.43","United States","NASDAQ","USD","1.00","USD","-"
"KMX","CARMAX INC","Consumer Discretionary","Equity","131,211,610.41","0.03","131,211,610.41","1,626,523.00","80.67","United States","New York Stock Exchange Inc.","USD","1.00","USD","-"
"SJM","JM SMUCKER","Consumer Staples","Equity","129,855,169.71","0.03","129,855,169.71","1,093,149.00","118.79","United States","New York Stock Exchange Inc.","USD","1.00","USD","-"
"WRK","WESTROCK","Materials","Equity","129,263,851.20","0.03","129,263,851.20","2,646,680.00","48.84","United States","New York Stock Exchange Inc.","USD","1.00","USD","-"
"RVTY","REVVITY INC","Health Care","Equity","129,213,113.76","0.03","129,213,113.76","1,270,782.00","101.68","United States","New York Stock Exchange Inc.","USD","1.00","USD","-"
"LNT","ALLIANT ENERGY CORP","Utilities","Equity","129,128,231.61","0.03","129,128,231.61","2,628,297.00","49.13","United States","NASDAQ","USD","1.00","USD","-"
"MGM","MGM RESORTS INTERNATIONAL","Consumer Discretionary","Equity","129,082,554.74","0.03","129,082,554.74","2,814,709.00","45.86","United States","New York Stock Exchange Inc.","USD","1.00","USD","-"
"ROL","ROLLINS INC","Industrials","Equity","128,871,837.36","0.03","128,871,837.36","2,891,448.00","44.57","United States","New York Stock Exchange Inc.","USD","1.00","USD","-"
"TAP","MOLSON COORS BREWING CLASS B","Consumer Staples","Equity","128,494,670.70","0.03","128,494,670.70","1,907,015.00","67.38","United States","New York Stock Exchange Inc.","USD","1.00","USD","-"
"KIM","KIMCO REALTY REIT CORP","Real Estate","Equity","127,619,231.40","0.03","127,619,231.40","6,861,249.00","18.60","United States","New York Stock Exchange Inc.","USD","1.00","USD","-"
"GEN","GEN DIGITAL INC","Information Technology","Equity","127,176,215.95","0.03","127,176,215.95","5,772,865.00","22.03","United States","NASDAQ","USD","1.00","USD","-"
"JKHY","JACK HENRY AND ASSOCIATES INC","Financials","Equity","127,107,137.13","0.03","127,107,137.13","750,293.00","169.41","United States","NASDAQ","USD","1.00","USD","-"
"IPG","INTERPUBLIC GROUP OF COMPANIES INC","Communication","Equity","125,877,642.61","0.03","125,877,642.61","3,944,771.00","31.91","United States","New York Stock Exchange Inc.","USD","1.00","USD","-"
"AES","AES CORP","Utilities","Equity","125,113,267.02","0.03","125,113,267.02","6,897,093.00","18.14","United States","New York Stock Exchange Inc.","USD","1.00","USD","-"
"EVRG","EVERGY INC","Utilities","Equity","124,649,730.24","0.03","124,649,730.24","2,366,168.00","52.68","United States","NASDAQ","USD","1.00","USD","-"
"JNPR","JUNIPER NETWORKS INC","Information Technology","Equity","122,581,872.64","0.03","122,581,872.64","3,315,712.00","36.97","United States","New York Stock Exchange Inc.","USD","1.00","USD","-"
"LW","LAMB WESTON HOLDINGS INC","Consumer Staples","Equity","121,235,680.71","0.03","121,235,680.71","1,487,007.00","81.53","United States","New York Stock Exchange Inc.","USD","1.00","USD","-"
"EMN","EASTMAN CHEMICAL","Materials","Equity","120,424,682.78","0.03","120,424,682.78","1,208,234.00","99.67","United States","New York Stock Exchange Inc.","USD","1.00","USD","-"
"ALLE","ALLEGION PLC","Industrials","Equity","118,448,893.04","0.03","118,448,893.04","904,052.00","131.02","United States","New York Stock Exchange Inc.","USD","1.00","USD","-"
"PODD","INSULET CORP","Health Care","Equity","117,445,641.50","0.03","117,445,641.50","719,422.00","163.25","United States","NASDAQ","USD","1.00","USD","-"
"HII","HUNTINGTON INGALLS INDUSTRIES INC","Industrials","Equity","116,771,390.32","0.03","116,771,390.32","407,992.00","286.21","United States","New York Stock Exchange Inc.","USD","1.00","USD","-"
"NI","NISOURCE INC","Utilities","Equity","115,688,256.97","0.03","115,688,256.97","4,257,941.00","27.17","United States","New York Stock Exchange Inc.","USD","1.00","USD","-"
"FFIV","F5 INC","Information Technology","Equity","114,158,000.96","0.03","114,158,000.96","605,677.00","188.48","United States","NASDAQ","USD","1.00","USD","-"
"UDR","UDR REIT INC","Real Estate","Equity","113,417,004.12","0.03","113,417,004.12","3,116,708.00","36.39","United States","New York Stock Exchange Inc.","USD","1.00","USD","-"
"QRVO","QORVO INC","Information Technology","Equity","112,337,707.00","0.03","112,337,707.00","994,139.00","113.00","United States","NASDAQ","USD","1.00","USD","-"
"MOS","MOSAIC","Materials","Equity","110,353,935.56","0.02","110,353,935.56","3,366,502.00","32.78","United States","New York Stock Exchange Inc.","USD","1.00","USD","-"
"AOS","A O SMITH CORP","Industrials","Equity","110,234,104.22","0.02","110,234,104.22","1,265,023.00","87.14","United States","New York Stock Exchange Inc.","USD","1.00","USD","-"
"TECH","BIO TECHNE CORP","Health Care","Equity","108,569,706.75","0.02","108,569,706.75","1,619,235.00","67.05","United States","NASDAQ","USD","1.00","USD","-"
"UHS","UNIVERSAL HEALTH SERVICES INC CLAS","Health Care","Equity","108,262,092.26","0.02","108,262,092.26","628,189.00","172.34","United States","New York Stock Exchange Inc.","USD","1.00","USD","-"
"CTLT","CATALENT INC","Health Care","Equity","106,044,824.32","0.02","106,044,824.32","1,861,742.00","56.96","United States","New York Stock Exchange Inc.","USD","1.00","USD","-"
"CPT","CAMDEN PROPERTY TRUST REIT","Real Estate","Equity","105,449,809.75","0.02","105,449,809.75","1,099,925.00","95.87","United States","New York Stock Exchange Inc.","USD","1.00","USD","-"
"INCY","INCYTE CORP","Health Care","Equity","105,359,520.24","0.02","105,359,520.24","1,915,976.00","54.99","United States","NASDAQ","USD","1.00","USD","-"
"BBWI","BATH AND BODY WORKS INC","Consumer Discretionary","Equity","105,126,941.54","0.02","105,126,941.54","2,327,362.00","45.17","United States","New York Stock Exchange Inc.","USD","1.00","USD","-"
"HRL","HORMEL FOODS CORP","Consumer Staples","Equity","104,994,091.27","0.02","104,994,091.27","2,985,331.00","35.17","United States","New York Stock Exchange Inc.","USD","1.00","USD","-"
"WYNN","WYNN RESORTS LTD","Consumer Discretionary","Equity","104,168,347.08","0.02","104,168,347.08","981,609.00","106.12","United States","NASDAQ","USD","1.00","USD","-"
"DAY","DAYFORCE INC","Industrials","Equity","103,254,816.80","0.02","103,254,816.80","1,608,080.00","64.21","United States","New York Stock Exchange Inc.","USD","1.00","USD","-"
"TFX","TELEFLEX INC","Health Care","Equity","102,559,633.47","0.02","102,559,633.47","484,023.00","211.89","United States","New York Stock Exchange Inc.","USD","1.00","USD","-"
"TPR","TAPESTRY INC","Consumer Discretionary","Equity","101,663,495.57","0.02","101,663,495.57","2,362,619.00","43.03","United States","New York Stock Exchange Inc.","USD","1.00","USD","-"
"NWSA","NEWS CORP CLASS A","Communication","Equity","100,001,754.65","0.02","100,001,754.65","3,913,963.00","25.55","United States","NASDAQ","USD","1.00","USD","-"
"REG","REGENCY CENTERS REIT CORP","Real Estate","Equity","100,003,050.90","0.02","100,003,050.90","1,692,099.00","59.10","United States","NASDAQ","USD","1.00","USD","-"
"PAYC","PAYCOM SOFTWARE INC","Industrials","Equity","97,903,454.25","0.02","97,903,454.25","495,087.00","197.75","United States","New York Stock Exchange Inc.","USD","1.00","USD","-"
"HSIC","HENRY SCHEIN INC","Health Care","Equity","97,534,546.34","0.02","97,534,546.34","1,338,106.00","72.89","United States","NASDAQ","USD","1.00","USD","-"
"GL","GLOBE LIFE INC","Financials","Equity","97,051,944.99","0.02","97,051,944.99","881,409.00","110.11","United States","New York Stock Exchange Inc.","USD","1.00","USD","-"
"SOLV","SOLVENTUM CORP","Health Care","Equity","95,967,718.00","0.02","95,967,718.00","1,432,354.00","67.00","United States","New York Stock Exchange Inc.","USD","1.00","USD","-"
"BFB","BROWN FORMAN CORP CLASS B","Consumer Staples","Equity","95,773,040.88","0.02","95,773,040.88","1,862,564.00","51.42","United States","New York Stock Exchange Inc.","USD","1.00","USD","-"
"MTCH","MATCH GROUP INC","Communication","Equity","94,503,469.68","0.02","94,503,469.68","2,802,594.00","33.72","United States","NASDAQ","USD","1.00","USD","-"
"CZR","CAESARS ENTERTAINMENT INC","Consumer Discretionary","Equity","94,036,348.98","0.02","94,036,348.98","2,221,506.00","42.33","United States","NASDAQ","USD","1.00","USD","-"
"AAL","AMERICAN AIRLINES GROUP INC","Industrials","Equity","93,192,998.61","0.02","93,192,998.61","6,738,467.00","13.83","United States","NASDAQ","USD","1.00","USD","-"
"AIZ","ASSURANT INC","Financials","Equity","93,123,371.04","0.02","93,123,371.04","519,256.00","179.34","United States","New York Stock Exchange Inc.","USD","1.00","USD","-"
"BXP","BOSTON PROPERTIES REIT INC","Real Estate","Equity","91,437,489.50","0.02","91,437,489.50","1,488,725.00","61.42","United States","New York Stock Exchange Inc.","USD","1.00","USD","-"
"CPB","CAMPBELL SOUP","Consumer Staples","Equity","89,139,092.51","0.02","89,139,092.51","2,026,349.00","43.99","United States","New York Stock Exchange Inc.","USD","1.00","USD","-"
"MKTX","MARKETAXESS HOLDINGS INC","Financials","Equity","87,791,284.92","0.02","87,791,284.92","390,548.00","224.79","United States","NASDAQ","USD","1.00","USD","-"
"CHRW","CH ROBINSON WORLDWIDE INC","Industrials","Equity","86,102,661.12","0.02","86,102,661.12","1,201,209.00","71.68","United States","NASDAQ","USD","1.00","USD","-"
"PNW","PINNACLE WEST CORP","Utilities","Equity","85,372,647.36","0.02","85,372,647.36","1,169,168.00","73.02","United States","New York Stock Exchange Inc.","USD","1.00","USD","-"
"BEN","FRANKLIN RESOURCES INC","Financials","Equity","84,088,228.80","0.02","84,088,228.80","3,091,479.00","27.20","United States","New York Stock Exchange Inc.","USD","1.00","USD","-"
"GNRC","GENERAC HOLDINGS INC","Industrials","Equity","83,101,838.82","0.02","83,101,838.82","632,723.00","131.34","United States","New York Stock Exchange Inc.","USD","1.00","USD","-"
"NCLH","NORWEGIAN CRUISE LINE HOLDINGS LTD","Consumer Discretionary","Equity","82,596,062.64","0.02","82,596,062.64","4,386,408.00","18.83","United States","New York Stock Exchange Inc.","USD","1.00","USD","-"
"BWA","BORGWARNER INC","Consumer Discretionary","Equity","81,487,477.94","0.02","81,487,477.94","2,366,758.00","34.43","United States","New York Stock Exchange Inc.","USD","1.00","USD","-"
"ETSY","ETSY INC","Consumer Discretionary","Equity","80,947,325.36","0.02","80,947,325.36","1,234,706.00","65.56","United States","NASDAQ","USD","1.00","USD","-"
"RHI","ROBERT HALF","Industrials","Equity","80,883,785.67","0.02","80,883,785.67","1,072,587.00","75.41","United States","New York Stock Exchange Inc.","USD","1.00","USD","-"
"FOXA","FOX CORP CLASS A","Communication","Equity","76,741,166.88","0.02","76,741,166.88","2,464,392.00","31.14","United States","NASDAQ","USD","1.00","USD","-"
"IVZ","INVESCO LTD","Financials","Equity","76,628,451.60","0.02","76,628,451.60","4,635,720.00","16.53","United States","New York Stock Exchange Inc.","USD","1.00","USD","-"
"FMC","FMC CORP","Materials","Equity","76,004,383.61","0.02","76,004,383.61","1,283,641.00","59.21","United States","New York Stock Exchange Inc.","USD","1.00","USD","-"
"FRT","FEDERAL REALTY INVESTMENT TRUST RE","Real Estate","Equity","75,109,196.10","0.02","75,109,196.10","756,006.00","99.35","United States","New York Stock Exchange Inc.","USD","1.00","USD","-"
"HAS","HASBRO INC","Consumer Discretionary","Equity","74,965,500.25","0.02","74,965,500.25","1,342,265.00","55.85","United States","NASDAQ","USD","1.00","USD","-"
"DVA","DAVITA INC","Health Care","Equity","73,677,034.45","0.02","73,677,034.45","554,171.00","132.95","United States","New York Stock Exchange Inc.","USD","1.00","USD","-"
"CMA","COMERICA INC","Financials","Equity","71,752,281.00","0.02","71,752,281.00","1,359,975.00","52.76","United States","New York Stock Exchange Inc.","USD","1.00","USD","-"
"BIO","BIO RAD LABORATORIES INC CLASS A","Health Care","Equity","69,512,401.26","0.02","69,512,401.26","215,322.00","322.83","United States","New York Stock Exchange Inc.","USD","1.00","USD","-"
"RL","RALPH LAUREN CORP CLASS A","Consumer Discretionary","Equity","68,801,018.24","0.02","68,801,018.24","402,016.00","171.14","United States","New York Stock Exchange Inc.","USD","1.00","USD","-"
"MHK","MOHAWK INDUSTRIES INC","Consumer Discretionary","Equity","66,591,711.62","0.01","66,591,711.62","545,342.00","122.11","United States","New York Stock Exchange Inc.","USD","1.00","USD","-"
"PARA","PARAMOUNT GLOBAL CLASS B","Communication","Equity","61,379,952.37","0.01","61,379,952.37","4,962,001.00","12.37","United States","NASDAQ","USD","1.00","USD","-"
"UBFUT","CASH COLLATERAL USD UBFUT","Cash and/or Derivatives","Cash Collateral and Margins","54,238,000.00","0.01","54,238,000.00","54,238,000.00","100.00","United States","-","USD","1.00","USD","Oct 01, 2015"
"FOX","FOX CORP CLASS B","Communication","Equity","38,534,194.86","0.01","38,534,194.86","1,355,883.00","28.42","United States","NASDAQ","USD","1.00","USD","-"
"NWS","NEWS CORP CLASS B","Communication","Equity","31,144,940.26","0.01","31,144,940.26","1,180,627.00","26.38","United States","NASDAQ","USD","1.00","USD","-"
"ESM4","S&P500 EMINI JUN 24","Cash and/or Derivatives","Futures","0.00","0.00","1,238,504,675.00","4,766.00","5,197.25","-","Index And Options Market","USD","1.00","USD","-"